8.9222365505095255e-02,1.0391986178433181e-01,1.1341905129425858e-01
9.4935363365626815e-02,1.0391986178433181e-01,1.1626314751896250e-01
9.9875872040434202e-02,1.0238316699694476e-01,1.1626314751896250e-01
9.5230140795611193e-02,9.7786000685133920e-02,1.1626314751896250e-01
9.5230140795611193e-02,9.7786000685133920e-02,1.1626314751896250e-01
1.1329997280815601e-01,1.0406407133971353e-01,1.1626314751896250e-01
1.1329997280815601e-01,1.0406407133971353e-01,1.2939058428687145e-01
1.1329997280815601e-01,1.1403445812405540e-01,1.2973623904094903e-01
1.1329997280815601e-01,1.1403445812405540e-01,1.2973623904094903e-01
1.1329997280815601e-01,1.1403445812405540e-01,1.2973623904094903e-01
1.1329997280815601e-01,1.0744826149764235e-01,1.3906720085051028e-01
1.1329997280815601e-01,1.1078734273962620e-01,1.3947087330576996e-01
1.1458286965299694e-01,1.1078734273962620e-01,1.5988139084070538e-01
1.1458286965299694e-01,1.3557741018393921e-01,1.5988139084070538e-01
1.1458286965299694e-01,1.3557741018393921e-01,1.7682094657408193e-01
1.1458286965299694e-01,1.3557741018393921e-01,1.7682094657408193e-01
1.1458286965299694e-01,1.6037946304171599e-01,1.7682094657408193e-01
1.1458286965299694e-01,1.6037946304171599e-01,1.7682094657408193e-01
1.1458286965299694e-01,1.4194311167170195e-01,1.7682094657408193e-01
1.3517142336148594e-01,1.4194311167170195e-01,1.7748179395633126e-01
1.2811855928272725e-01,1.5451203143463757e-01,2.3332536684323668e-01
1.1777951065372474e-01,1.5451203143463757e-01,2.3310960500961511e-01
1.1777951065372474e-01,1.7999084648611538e-01,2.2447012719551601e-01
1.0282080030215761e-01,1.7999084648611538e-01,2.0725610527106253e-01
9.2895770306919437e-02,1.7999084648611538e-01,1.9393578069182971e-01
7.8517782233873873e-02,1.8530589811437728e-01,1.9393578069182971e-01
7.8517782233873873e-02,2.0583549859272549e-01,1.9393578069182971e-01
7.8517782233873873e-02,2.0583549859272549e-01,1.9393578069182971e-01
7.8517782233873873e-02,2.1756559737705794e-01,1.9425358080204094e-01
8.3419932554568504e-02,2.1756559737705794e-01,1.9425358080204094e-01
8.3419932554568504e-02,2.1756559737705794e-01,1.9425358080204094e-01
7.2477683422749836e-02,2.2524558652535456e-01,1.9746988510706118e-01
7.8014505206857557e-02,2.2524558652535456e-01,1.9734307376703303e-01
8.2136799158304158e-02,2.2524558652535456e-01,1.8232648290406975e-01
8.8390670982026243e-02,2.6493520603817816e-01,1.8232648290406975e-01
9.1122129314798600e-02,2.6493520603817816e-01,1.8232648290406975e-01
9.2429755085389170e-02,2.6493520603817816e-01,1.9066599461687159e-01
9.6241178579938400e-02,2.6493520603817816e-01,1.9066599461687159e-01
1.0409326586468140e-01,2.6493520603817816e-01,1.8849185862511925e-01
1.1115062057341772e-01,2.3207251959803474e-01,2.0465629074729494e-01
9.6400821044470189e-02,2.2104111556458969e-01,2.1999007470687376e-01
9.1877033072266481e-02,2.2104111556458969e-01,2.3644479635287133e-01
8.5895112728459289e-02,2.3131471249073030e-01,2.1915395085528860e-01
8.5895112728459289e-02,2.6341855649073326e-01,2.1915395085528860e-01
8.5895112728459289e-02,2.9207532910653733e-01,2.3741067847041766e-01
8.5895112728459289e-02,2.8426155903618999e-01,2.3741067847041766e-01
9.3274882576583090e-02,2.8426155903618999e-01,2.3741067847041766e-01
9.3274882576583090e-02,2.8426155903618999e-01,2.3741067847041766e-01
9.3274882576583090e-02,2.5102868511175702e-01,2.2895403237013148e-01
9.3274882576583090e-02,2.5398781604046611e-01,2.5386116285344207e-01
7.2008029460487358e-02,2.5598852254291282e-01,2.5386116285344207e-01
7.2008029460487358e-02,2.4943601946698801e-01,2.5386116285344207e-01
6.9707103471554108e-02,2.7354081348496667e-01,2.5386116285344207e-01
6.9707103471554108e-02,2.7354081348496667e-01,2.5386116285344207e-01
7.5486385318989699e-02,2.7354081348496667e-01,2.4677085621551265e-01
7.5486385318989699e-02,3.0322199719670506e-01,2.3719011698324910e-01
5.6494118740262562e-02,3.0322199719670506e-01,2.3719011698324910e-01
5.6494118740262562e-02,2.9581620527557284e-01,2.1524349376273930e-01
4.9387707690790823e-02,3.3202069326093869e-01,2.1524349376273930e-01
4.8793430999379363e-02,3.3202069326093869e-01,2.2379000447217795e-01
4.8793430999379363e-02,3.1773851907056760e-01,2.2379000447217795e-01
4.5724142570479964e-02,3.1773851907056760e-01,1.9798104249561027e-01
4.5724142570479964e-02,3.2862355420933637e-01,1.8879048161789894e-01
4.5724142570479964e-02,2.6936611644175240e-01,1.6958834520851820e-01
4.5724142570479964e-02,2.5046014742928552e-01,1.6958834520851820e-01
4.5817890676420968e-02,2.5046014742928552e-01,1.6958834520851820e-01
4.4983559197731851e-02,2.4979123801588782e-01,1.6958834520851820e-01
4.4983559197731851e-02,2.4979123801588782e-01,1.6182657482606716e-01
4.3335419058514929e-02,2.4979123801588782e-01,1.5293200603083013e-01
4.3335419058514929e-02,2.4979123801588782e-01,1.5293200603083013e-01
4.3309205540954826e-02,2.6727027999602887e-01,1.3835423382992948e-01
4.3561347135494706e-02,2.4249582734229433e-01,1.3835423382992948e-01
3.9582787632407683e-02,2.3758993762549901e-01,1.3835423382992948e-01
3.7762782931269161e-02,2.3758993762549901e-01,1.3835423382992948e-01
3.5539872947410657e-02,2.2194603996769915e-01,1.3835423382992948e-01
3.4372063498686468e-02,2.0630423432886119e-01,1.3737661992732778e-01
3.4372063498686468e-02,1.8871977021316971e-01,1.3737661992732778e-01
3.4372063498686468e-02,1.8020559101662942e-01,1.3737661992732778e-01
3.4372063498686468e-02,1.8020559101662942e-01,1.3737661992732778e-01
3.4372063498686468e-02,1.8020559101662942e-01,1.2556065504109404e-01
3.1243310935148469e-02,1.8020559101662942e-01,1.2907429439113111e-01
3.4445448300013802e-02,1.7456246259439298e-01,1.2907429439113111e-01
3.4445448300013802e-02,1.7656080443655089e-01,1.2907429439113111e-01
3.3282066665934307e-02,1.7656080443655089e-01,1.2907429439113111e-01
3.3994510124038882e-02,1.7770832838101111e-01,1.0624385874869738e-01
3.8386052571454929e-02,1.7770832838101111e-01,1.0624385874869738e-01
3.4434313890448348e-02,1.9694292617258222e-01,1.0624385874869738e-01
3.4434313890448348e-02,1.7562948428634875e-01,1.0413458363474613e-01
3.2778469477816805e-02,1.7562948428634875e-01,1.0413458363474613e-01
3.2778469477816805e-02,1.7562948428634875e-01,1.1488222637332045e-01
2.7705365947134408e-02,1.5320070946083233e-01,1.0753097386167505e-01
2.3482013272402569e-02,1.5034915365152210e-01,1.0753097386167505e-01
2.4975891348286573e-02,1.5034915365152210e-01,1.0753097386167505e-01
2.5704508000946317e-02,1.5661729177838493e-01,1.0753097386167505e-01
2.9273397431920738e-02,1.5162362730103010e-01,1.1938197472178978e-01
2.9273397431920738e-02,1.7644209274414976e-01,1.1312002337150662e-01
3.1111527923685781e-02,1.8430480070403010e-01,1.2701621225587637e-01
3.3959492777347770e-02,1.8430480070403010e-01,1.2701621225587637e-01
3.3959492777347770e-02,1.8999066264170619e-01,1.2815611166063764e-01
3.3959492777347770e-02,1.8999066264170619e-01,1.3382758070983064e-01
3.3959492777347770e-02,1.8999066264170619e-01,1.1721188998882738e-01
3.5732600553003604e-02,1.7834202779656924e-01,1.1721188998882738e-01
4.3248900448174629e-02,1.7834202779656924e-01,1.2013843450529610e-01
4.8485740643128571e-02,1.7834202779656924e-01,1.0483574788614296e-01
4.8485740643128571e-02,1.7834202779656924e-01,1.0483574788614296e-01
5.2138318341181780e-02,1.6704021307369582e-01,1.0483574788614296e-01
5.2138318341181780e-02,1.6704021307369582e-01,9.3676965915255844e-02
5.2445685950685710e-02,1.6704021307369582e-01,9.6847156816764507e-02
5.3152511450206927e-02,1.8131025651504329e-01,9.5731321040883791e-02
6.0147699687241742e-02,1.8131025651504329e-01,9.5731321040883791e-02
6.0147699687241742e-02,1.8131025651504329e-01,9.9328868167107690e-02
6.0147699687241742e-02,1.8131025651504329e-01,9.9328868167107690e-02
6.0147699687241742e-02,1.8131025651504329e-01,9.9328868167107690e-02
5.8986782269379770e-02,1.8131025651504329e-01,8.7328840241807246e-02
6.2301214256907135e-02,1.6751456925102881e-01,1.0653415398101328e-01
6.2301214256907135e-02,1.6751456925102881e-01,1.0606443485281530e-01
5.5335620439185086e-02,1.6571020975713521e-01,1.0606443485281530e-01
5.2677296818777058e-02,1.7925979556271288e-01,1.0465172781058782e-01
5.2677296818777058e-02,1.6185161343251911e-01,1.0677858684440990e-01
5.2022242962649609e-02,1.5392952099996202e-01,1.2719885154147786e-01
3.4864806648526633e-02,1.5392952099996202e-01,1.2719885154147786e-01
3.4864806648526633e-02,1.5392952099996202e-01,1.3098425256792293e-01
3.4864806648526633e-02,1.5392952099996202e-01,1.3098425256792293e-01
3.6163137327082200e-02,1.6598601026707360e-01,1.3098425256792293e-01
3.4420171878076923e-02,1.8471990732608762e-01,1.1252036307802196e-01
3.4420171878076923e-02,1.9947509710410211e-01,1.1252036307802196e-01
3.4420171878076923e-02,1.9947509710410211e-01,1.1252036307802196e-01
3.5008733764877460e-02,2.1835666029893777e-01,1.2216996730174032e-01
3.5522275956317712e-02,2.1744810951883678e-01,1.1435549052386088e-01
3.3007821501292271e-02,2.6546462922846892e-01,1.1435549052386088e-01
3.3007821501292271e-02,3.0957375586727026e-01,1.1469384770531152e-01
3.3007821501292271e-02,3.0585089194612552e-01,1.0836188659675244e-01
3.0585993515629326e-02,3.3308401606983834e-01,1.0836188659675244e-01
3.0585993515629326e-02,3.3308401606983834e-01,1.0118015291140177e-01
2.8402510988231780e-02,3.9731758814324847e-01,1.0118015291140177e-01
2.8402510988231780e-02,3.9731758814324847e-01,9.4359853932326127e-02
2.9951282883821102e-02,4.0074368973428515e-01,9.4359853932326127e-02
3.1330675543086113e-02,4.2052250827774895e-01,9.4359853932326127e-02
3.1782411909050186e-02,4.1721406794779964e-01,9.4359853932326127e-02
3.1782411909050186e-02,4.1721406794779964e-01,8.7482743597764839e-02
3.2225169055292074e-02,3.7463175354709627e-01,8.7482743597764839e-02
3.5685250275455785e-02,3.7463175354709627e-01,8.7482743597764839e-02
3.5685250275455785e-02,3.7463175354709627e-01,8.7482743597764839e-02
3.5685250275455785e-02,3.7463175354709627e-01,8.3305795615944436e-02
3.5685250275455785e-02,3.7463175354709627e-01,9.2115714832443241e-02
3.5685250275455785e-02,3.7463175354709627e-01,9.2115714832443241e-02
3.5685250275455785e-02,3.9836364129274754e-01,7.4474615254259455e-02
3.5685250275455785e-02,3.4456361428516596e-01,9.8254951260788329e-02
3.5685250275455785e-02,3.3116620528443708e-01,9.8254951260788329e-02
3.3164556722313630e-02,3.2623695577393275e-01,9.8254951260788329e-02
3.3164556722313630e-02,3.3385881368425269e-01,9.8254951260788329e-02
3.5687898532715430e-02,3.2558343512796561e-01,9.8254951260788329e-02
3.2953689120596437e-02,3.4016171539991458e-01,9.8254951260788329e-02
3.1157618731914260e-02,3.2731162066048480e-01,9.8254951260788329e-02
3.1157618731914260e-02,2.9922186595567851e-01,9.2066022461476174e-02
2.9135722032244196e-02,3.1060209973526787e-01,9.2066022461476174e-02
2.9135722032244196e-02,2.9528164862667061e-01,9.2066022461476174e-02
2.9885571344186745e-02,2.8770918944218310e-01,9.2066022461476174e-02
2.9885571344186745e-02,2.5664891342336249e-01,9.4714332603582627e-02
3.4420829722914888e-02,2.5664891342336249e-01,9.4714332603582627e-02
3.4420829722914888e-02,2.8306080507643061e-01,9.4714332603582627e-02
3.9076071656377137e-02,2.8306080507643061e-01,1.0333276842989662e-01
4.2528250875430482e-02,2.7898111599086384e-01,1.0333276842989662e-01
4.5792558313975988e-02,2.5065392237712519e-01,1.0509196856694294e-01
4.5792558313975988e-02,2.4589136905874143e-01,1.0509196856694294e-01
5.3331907608667510e-02,2.7857880831267318e-01,1.0509196856694294e-01
5.4644749898776948e-02,2.6800376802685300e-01,9.3425747293925124e-02
5.4644749898776948e-02,2.7112906594539676e-01,9.3425747293925124e-02
5.4644749898776948e-02,2.6384316409156661e-01,1.0825025714527232e-01
5.4644749898776948e-02,2.6384316409156661e-01,1.0825025714527232e-01
5.9577401234496792e-02,2.8131750754672186e-01,1.0207919720508317e-01
6.0053947221039523e-02,2.7779906028489726e-01,9.8205014293868589e-02
5.5408887902828441e-02,2.7568029018855278e-01,8.4146823833934931e-02
5.5408887902828441e-02,2.7568029018855278e-01,7.3961126217503267e-02
6.1364263867219361e-02,3.2413656157082088e-01,7.3961126217503267e-02
6.1364263867219361e-02,3.5895876101471652e-01,7.0012967114855287e-02
6.1364263867219361e-02,3.5895876101471652e-01,7.0012967114855287e-02
6.9213347832941211e-02,3.4380879787768476e-01,7.3726906936316797e-02
6.9213347832941211e-02,3.4380879787768476e-01,7.3726906936316797e-02
6.9213347832941211e-02,3.4380879787768476e-01,7.3726906936316797e-02
6.9821926493807446e-02,3.2532441305648691e-01,8.6403539326225132e-02
6.5188801399222965e-02,3.2532441305648691e-01,8.6403539326225132e-02
6.5188801399222965e-02,3.1479977262613423e-01,9.1276973766898820e-02
6.5188801399222965e-02,2.9299195051434285e-01,9.6769151894581615e-02
6.5344705787487481e-02,3.0284498498991680e-01,1.0896723242810431e-01
6.5344705787487481e-02,2.7306873714459179e-01,1.0896723242810431e-01
6.5344705787487481e-02,2.7306873714459179e-01,1.2501026206493318e-01
6.5344705787487481e-02,2.7306873714459179e-01,1.2501026206493318e-01
7.2176755990479471e-02,3.1457690830395052e-01,1.2501026206493318e-01
7.2176755990479471e-02,3.1457690830395052e-01,1.2501026206493318e-01
7.3388757134291036e-02,3.1112089434689999e-01,1.1572872272443670e-01
6.1272266860111627e-02,3.1112089434689999e-01,1.1572872272443670e-01
5.3397422938315738e-02,4.0344268761760227e-01,1.0872132229980490e-01
4.9877666767906600e-02,4.0344268761760227e-01,1.0872132229980490e-01
4.8133513964352961e-02,4.0344268761760227e-01,1.0048857212199212e-01
3.8515394006036076e-02,4.0344268761760227e-01,1.0048857212199212e-01
3.8515394006036076e-02,3.9203082596595307e-01,1.0542282025541953e-01
3.8515394006036076e-02,3.9203082596595307e-01,1.0542282025541953e-01
3.9075972829314437e-02,3.8969108228623750e-01,1.0542282025541953e-01
3.9075972829314437e-02,3.8969108228623750e-01,1.0542282025541953e-01
3.9075972829314437e-02,3.8969108228623750e-01,1.0542282025541953e-01
3.1353777805011272e-02,3.8969108228623750e-01,1.0223115308257169e-01
3.3167010517178991e-02,4.0330940192098980e-01,1.0964244787578113e-01
3.3167010517178991e-02,2.8579219930922678e-01,1.0964244787578113e-01
3.0325106186409982e-02,2.7088049409030013e-01,1.0964244787578113e-01
3.0325106186409982e-02,2.7887602762996316e-01,1.0964244787578113e-01
2.7126383690797166e-02,2.3768813616587758e-01,1.0964244787578113e-01
2.7126383690797166e-02,2.3392845332316023e-01,1.0301102916453544e-01
2.7126383690797166e-02,2.3392845332316023e-01,1.0301102916453544e-01
2.7126383690797166e-02,2.3279950210890324e-01,1.0301102916453544e-01
2.7126383690797166e-02,2.1535291722483152e-01,1.0894220180969968e-01
2.8613068363027818e-02,2.1879558156842835e-01,1.2273905072825568e-01
3.0538050208596138e-02,1.8127091258195752e-01,1.1986397693248482e-01
3.0507304268400204e-02,1.8127091258195752e-01,1.1986397693248482e-01
3.0569462777595195e-02,1.8099750512612076e-01,1.2862417404391185e-01
3.0569462777595195e-02,1.8499181810512139e-01,1.2862417404391185e-01
2.9864393376263176e-02,1.7850292710351914e-01,1.4065708675300623e-01
2.6387786019170734e-02,1.7850292710351914e-01,1.4223737029817476e-01
2.6387786019170734e-02,1.7850292710351914e-01,1.4223737029817476e-01
2.6387786019170734e-02,1.7368735911362279e-01,1.4223737029817476e-01
2.6387786019170734e-02,1.7487193298063647e-01,1.4223737029817476e-01
2.6387786019170734e-02,1.7487193298063647e-01,1.3557834823067336e-01
2.6387786019170734e-02,1.6402753096126541e-01,1.3557834823067336e-01
2.6387786019170734e-02,1.6402753096126541e-01,1.3557834823067336e-01
2.9846715405564783e-02,1.6402753096126541e-01,1.3557834823067336e-01
3.5892929765372159e-02,1.7794618725333822e-01,1.3557834823067336e-01
3.5892929765372159e-02,1.7794618725333822e-01,1.3557834823067336e-01
3.7141605813882018e-02,1.8501034194529209e-01,1.3002660543235819e-01
4.0094783969762175e-02,2.1139268487430093e-01,1.3002660543235819e-01
4.0094783969762175e-02,2.0959755501350869e-01,1.4384336392813452e-01
4.4182004200171876e-02,1.7703646942831938e-01,9.7139303480351602e-02
4.4182004200171876e-02,1.7703646942831938e-01,8.2101526537392597e-02
4.4182004200171876e-02,1.7703646942831938e-01,7.2451911048405607e-02
4.4182004200171876e-02,1.7530336229264126e-01,6.7436689878019526e-02
4.4182004200171876e-02,1.7530336229264126e-01,6.7436689878019526e-02
4.4182004200171876e-02,1.8695493630942156e-01,6.7436689878019526e-02
4.4182004200171876e-02,1.8695493630942156e-01,6.7436689878019526e-02
4.4182004200171876e-02,1.7473325625603639e-01,6.2029912967896714e-02
4.4182004200171876e-02,1.6780865582062462e-01,6.2029912967896714e-02
4.5153906288263615e-02,1.6780865582062462e-01,6.0128575266680098e-02
4.9523525998413462e-02,1.5334926552936612e-01,5.8070779289255678e-02
5.4144874999182531e-02,1.5334926552936612e-01,5.8070779289255678e-02
5.4144874999182531e-02,1.5334926552936612e-01,4.9579994094137797e-02
5.4144874999182531e-02,1.3784010476650838e-01,5.1893391328735931e-02
5.6112192585461115e-02,1.2124792457347064e-01,5.1893391328735931e-02
5.6112192585461115e-02,1.2124792457347064e-01,5.1893391328735931e-02
5.8945755953179448e-02,1.2124792457347064e-01,5.1893391328735931e-02
5.7282521579607518e-02,1.0036315447644487e-01,5.1060333297328467e-02
6.1696552832180514e-02,1.0178000965110132e-01,4.3345503316029453e-02
5.8473575538678990e-02,1.0178000965110132e-01,4.4428842635647475e-02
5.8473575538678990e-02,1.0178000965110132e-01,4.4428842635647475e-02
6.0568096344023645e-02,1.0178000965110132e-01,4.4428842635647475e-02
6.0568096344023645e-02,1.0786831917103146e-01,4.4428842635647475e-02
6.1828185833445286e-02,1.1404144353948643e-01,4.5415662013085813e-02
6.1638646484831125e-02,1.1404144353948643e-01,4.5415662013085813e-02
6.7853956313566111e-02,1.1404144353948643e-01,4.0588638569938253e-02
6.5148350065149865e-02,1.1404144353948643e-01,3.6728471876777906e-02
7.6183416990418515e-02,1.1404144353948643e-01,3.6728471876777906e-02
8.4533812470612396e-02,1.1404144353948643e-01,3.6728471876777906e-02
8.4533812470612396e-02,1.0840823163023047e-01,3.9246416436407194e-02
8.4533812470612396e-02,1.0840823163023047e-01,3.6579734442902773e-02
8.4533812470612396e-02,1.3063315187550167e-01,3.9986009533394262e-02
8.4533812470612396e-02,1.5182763860669751e-01,3.5315333816037318e-02
8.4533812470612396e-02,1.5182763860669751e-01,3.4253780007869182e-02
8.4533812470612396e-02,1.5924356065161724e-01,3.4253780007869182e-02
8.4533812470612396e-02,1.6435359222484960e-01,3.4253780007869182e-02
8.3608205427509741e-02,1.9406466787132037e-01,3.3379169192663580e-02
7.9810159486499721e-02,1.7721454649463753e-01,4.3952091942140496e-02
7.8680451773483193e-02,1.6950603596577651e-01,4.6469532258956107e-02
7.2758455588473769e-02,1.6950603596577651e-01,4.6469532258956107e-02
7.0920720525645339e-02,1.6950603596577651e-01,4.4996061435021432e-02
6.7431105407306208e-02,1.4635545179614559e-01,4.4996061435021432e-02
6.3899189085251065e-02,1.6120821021955739e-01,4.4996061435021432e-02
5.6724646831401486e-02,1.5247131435101252e-01,4.2819539435740926e-02
5.9072131274163706e-02,1.5247131435101252e-01,4.2819539435740926e-02
5.9072131274163706e-02,1.4796428108581519e-01,4.2819539435740926e-02
5.9072131274163706e-02,1.2131031957166245e-01,4.2819539435740926e-02
5.9072131274163706e-02,1.2131031957166245e-01,4.2819539435740926e-02
6.1717687653593936e-02,1.2737790258427265e-01,4.0765452648359714e-02
6.1717687653593936e-02,1.2737790258427265e-01,3.8251808202111381e-02
6.1717687653593936e-02,1.2737790258427265e-01,3.8251808202111381e-02
6.1717687653593936e-02,1.2737790258427265e-01,3.8251808202111381e-02
6.1717687653593936e-02,1.2737790258427265e-01,3.6132581867767202e-02
6.1952032433543684e-02,1.4598862840709620e-01,3.3555012171459522e-02
6.3539532662397258e-02,1.4601758331123796e-01,3.4321510877962494e-02
6.3539532662397258e-02,1.2511808797721991e-01,3.4321510877962494e-02
6.3539532662397258e-02,1.3338009294282521e-01,3.4321510877962494e-02
6.3539532662397258e-02,1.4587057612435789e-01,3.4321510877962494e-02
6.3539532662397258e-02,1.4587057612435789e-01,3.9174137518688666e-02
6.3539532662397258e-02,1.4587057612435789e-01,3.9174137518688666e-02
6.3539532662397258e-02,1.4587057612435789e-01,3.9174137518688666e-02
5.3069393533589533e-02,1.6144709517256861e-01,4.0223758953929975e-02
5.3069393533589533e-02,1.6144709517256861e-01,3.9354140454471845e-02
6.3002650334835653e-02,1.6144709517256861e-01,4.1044450072440737e-02
7.0050912322240255e-02,1.6144709517256861e-01,3.8231212749429512e-02
6.4803589440092957e-02,1.6144709517256861e-01,3.8231212749429512e-02
6.4803589440092957e-02,1.9215873855172250e-01,3.8166671826897376e-02
6.4548822521014682e-02,1.9215873855172250e-01,4.2712766173055527e-02
5.9429383199935876e-02,2.1372485681006059e-01,4.2881851484071740e-02
5.9429383199935876e-02,2.4233097138878792e-01,4.2881851484071740e-02
6.6726278478328960e-02,2.4233097138878792e-01,4.5833139081542379e-02
6.6726278478328960e-02,2.6728708670865747e-01,4.5833139081542379e-02
6.6726278478328960e-02,2.6728708670865747e-01,4.5833139081542379e-02
6.6726278478328960e-02,2.6728708670865747e-01,4.9128156742518997e-02
6.6712305470576619e-02,3.6125502270325016e-01,4.9958109769347843e-02
5.8662509208190008e-02,3.0651132965968958e-01,4.7695262611887591e-02
5.8107946440349729e-02,3.0651132965968958e-01,4.7695262611887591e-02
5.8107946440349729e-02,3.0651132965968958e-01,4.7695262611887591e-02
5.8107946440349729e-02,3.1181454893712979e-01,4.7695262611887591e-02
5.8107946440349729e-02,2.8302456301479828e-01,4.7695262611887591e-02
6.4907853304388488e-02,2.8302456301479828e-01,4.7695262611887591e-02
6.0605548499596248e-02,3.3013560976478379e-01,4.7695262611887591e-02
6.5748496765143521e-02,3.3013560976478379e-01,5.5809538235662190e-02
6.5748496765143521e-02,3.3013560976478379e-01,5.5809538235662190e-02
5.4384668439929090e-02,3.4948703152510902e-01,5.5809538235662190e-02
6.0203957093201727e-02,3.4948703152510902e-01,5.4884427771656523e-02
6.0203957093201727e-02,3.4948703152510902e-01,5.4884427771656523e-02
6.0203957093201727e-02,3.9271313659028478e-01,5.1661064113050451e-02
6.2431618906782831e-02,3.8976938841372749e-01,5.0700324341459040e-02
6.2431618906782831e-02,3.8976938841372749e-01,5.0700324341459040e-02
5.2956797562496570e-02,3.8976938841372749e-01,5.0700324341459040e-02
6.7758392976241866e-02,3.8976938841372749e-01,5.0700324341459040e-02
6.7758392976241866e-02,3.8008182752206432e-01,5.2277300965381759e-02
6.2207926296372063e-02,3.8806405186101539e-01,5.2277300965381759e-02
6.2207926296372063e-02,3.8806405186101539e-01,4.9839402397724393e-02
6.6723867107113075e-02,4.0136370120907694e-01,4.8695166493388196e-02
6.9670849571322635e-02,4.1411893490139234e-01,5.1321384187521558e-02
7.1915527015791778e-02,4.1411893490139234e-01,5.1321384187521558e-02
7.9074983187316844e-02,4.1411893490139234e-01,5.1321384187521558e-02
7.0481267703702000e-02,4.2708166049451912e-01,5.1321384187521558e-02
7.0481267703702000e-02,4.2708166049451912e-01,5.1321384187521558e-02
7.0481267703702000e-02,4.2708166049451912e-01,5.1321384187521558e-02
6.8189037945983022e-02,3.2387360324113568e-01,5.0723105860627747e-02
6.4849791788124514e-02,3.6322031353250234e-01,5.2169405041915376e-02
7.0851957446423405e-02,3.6322031353250234e-01,6.2341484317997846e-02
6.9688016786488893e-02,3.5808884076264746e-01,5.2555044741451652e-02
6.9688016786488893e-02,3.5808884076264746e-01,4.7885398431886370e-02
5.7768450475063557e-02,3.5808884076264746e-01,5.4448585656269276e-02
5.7768450475063557e-02,3.5808884076264746e-01,5.4448585656269276e-02
5.4573243055969556e-02,3.5808884076264746e-01,4.8244642945582152e-02
5.4573243055969556e-02,3.9853984166240197e-01,3.9445264105368943e-02
5.5237094298550185e-02,3.8390800552501853e-01,3.9445264105368943e-02
4.9406413289145301e-02,3.5509732353087692e-01,3.9445264105368943e-02
5.0607654731784350e-02,3.5509732353087692e-01,4.2877616472772231e-02
5.0607654731784350e-02,3.5509732353087692e-01,3.7417412100470303e-02
5.2919772398880419e-02,3.5509732353087692e-01,3.2071337547390569e-02
5.2919772398880419e-02,3.5509732353087692e-01,3.2071337547390569e-02
5.0620397353813629e-02,3.5509732353087692e-01,3.2071337547390569e-02
5.0620397353813629e-02,3.5509732353087692e-01,3.2071337547390569e-02
4.4391469747653511e-02,3.2821677021739037e-01,3.2071337547390569e-02
4.6971457680367361e-02,3.2351527770066013e-01,3.2071337547390569e-02
4.6971457680367361e-02,3.2351527770066013e-01,3.1037912358545253e-02
4.6971457680367361e-02,3.1435668103560954e-01,2.7166845927466578e-02
4.7781110879199853e-02,3.0284209750471663e-01,3.2039515335325230e-02
5.2243833122905640e-02,3.0284209750471663e-01,2.8868892503128272e-02
5.5266932855843859e-02,3.0284209750471663e-01,2.8132852915133798e-02
5.6890907464318109e-02,3.2608604800625596e-01,2.8132852915133798e-02
6.3516398473790037e-02,3.2608604800625596e-01,2.4342027082911808e-02
5.9486810042784673e-02,4.2214345720955004e-01,2.4342027082911808e-02
5.6377787530719259e-02,4.2214345720955004e-01,2.2682089297985233e-02
5.6377787530719259e-02,4.3219791409914221e-01,2.1458142378885534e-02
5.7680451615738940e-02,4.3219791409914221e-01,2.1458142378885534e-02
5.7680451615738940e-02,4.1762314420685676e-01,1.9528507846727869e-02
5.7680451615738940e-02,4.6210127051926159e-01,1.9528507846727869e-02
6.3359452192540244e-02,4.9433999935911105e-01,1.9528507846727869e-02
6.3359452192540244e-02,4.9433999935911105e-01,1.9528507846727869e-02
6.3055018841049068e-02,4.9300741986395408e-01,2.4576490916995999e-02
6.3055018841049068e-02,4.9300741986395408e-01,2.4576490916995999e-02
6.3055018841049068e-02,4.9300741986395408e-01,2.3792163271690325e-02
5.5439740391014090e-02,5.5013286803463401e-01,2.3792163271690325e-02
5.5439740391014090e-02,5.5013286803463401e-01,2.3792163271690325e-02
5.0004344982386234e-02,5.5013286803463401e-01,2.1756306006953181e-02
4.9485890864730653e-02,5.5013286803463401e-01,2.1756306006953181e-02
4.4853157639360673e-02,5.5013286803463401e-01,2.4667917044889274e-02
4.4853157639360673e-02,5.5515792990773594e-01,2.6440362654898741e-02
4.6758227279526894e-02,4.8608787866434960e-01,2.6440362654898741e-02
4.8848601553695463e-02,4.8608787866434960e-01,2.4773097081280372e-02
4.8848601553695463e-02,5.2415947372318661e-01,2.1529370723567202e-02
4.8848601553695463e-02,5.1398774851592277e-01,2.0501647208371120e-02
4.6657107257634681e-02,5.1398774851592277e-01,2.0501647208371120e-02
4.1093395661760276e-02,5.1398774851592277e-01,2.1278121939200381e-02
3.8194925988396557e-02,5.1398774851592277e-01,2.1278121939200381e-02
3.8194925988396557e-02,5.3432182447704457e-01,1.9341586282363588e-02
3.3089978595317468e-02,5.3432182447704457e-01,1.6602792044933125e-02
3.3089978595317468e-02,5.3432182447704457e-01,1.2949017173890017e-02
3.3089978595317468e-02,5.8739307011723951e-01,1.2949017173890017e-02
3.8002107075558234e-02,5.7336813163354750e-01,1.2949017173890017e-02
3.0082239319011626e-02,5.7336813163354750e-01,1.2949017173890017e-02
3.1361099876269422e-02,5.7336813163354750e-01,1.4320607082589790e-02
3.1361099876269422e-02,5.9815794367864616e-01,1.6333988440515555e-02
3.1361099876269422e-02,6.1719462651675616e-01,1.7277143883410003e-02
3.5649822308529061e-02,6.1719462651675616e-01,1.4812375209281418e-02
3.5649822308529061e-02,6.1719462651675616e-01,1.5311949438200911e-02
3.6508935936993066e-02,5.4546744779711953e-01,1.6111291377239986e-02
3.6508935936993066e-02,5.4546744779711953e-01,1.8131445364474464e-02
3.7288372680920667e-02,5.1083644174239373e-01,1.8131445364474464e-02
5.1007013872823040e-02,5.6120615252157258e-01,1.8014745979133061e-02
4.6529731350053928e-02,5.6120615252157258e-01,1.6504393661317059e-02
4.6529731350053928e-02,5.6120615252157258e-01,1.4562605195496873e-02
4.7393472417523133e-02,5.6120615252157258e-01,1.4562605195496873e-02
4.2286660382535250e-02,5.7131254738625958e-01,1.4562605195496873e-02
4.2286660382535250e-02,5.7131254738625958e-01,1.4562605195496873e-02
4.6071808930716676e-02,5.7362265251876432e-01,1.4562605195496873e-02
4.6071808930716676e-02,5.7362265251876432e-01,1.4973997521068138e-02
4.1523175653329150e-02,5.7362265251876432e-01,1.4006058381782954e-02
3.5599944350648650e-02,6.9475657355866072e-01,1.4256123767502307e-02
3.5599944350648650e-02,6.9475657355866072e-01,1.7395916659069845e-02
3.1014171620661689e-02,6.5131672664993767e-01,1.7395916659069845e-02
3.1014171620661689e-02,6.3028279401761844e-01,1.7395916659069845e-02
3.1014171620661689e-02,6.8567869850995000e-01,1.7395916659069845e-02
3.1014171620661689e-02,7.7402230998351207e-01,1.7395916659069845e-02
2.5376418418601020e-02,7.7402230998351207e-01,1.8216122903006685e-02
2.3268784989634198e-02,7.2921262609190218e-01,1.8216122903006685e-02
2.3268784989634198e-02,7.2921262609190218e-01,1.6313213242722464e-02
2.3075241608575721e-02,7.2921262609190218e-01,1.6313213242722464e-02
2.4255309425849247e-02,7.2921262609190218e-01,1.6564564773175517e-02
2.0821569698121756e-02,6.7888755241829801e-01,1.6564564773175517e-02
1.7712937365000892e-02,6.5993706391323792e-01,1.6564564773175517e-02
1.9927392836430340e-02,6.5993706391323792e-01,1.9291579185822427e-02
2.1743088221821732e-02,6.5344449638114421e-01,2.3213645668721722e-02
2.3405876034227262e-02,6.5344449638114421e-01,2.1375664702500772e-02
2.2298846500288044e-02,6.0004628297685814e-01,2.1375664702500772e-02
2.1266730498811365e-02,6.0004628297685814e-01,1.6419674744434017e-02
2.2210057837416974e-02,5.6153939536815711e-01,1.7129264659645396e-02
2.1452438375883582e-02,4.8376911122223754e-01,1.7129264659645396e-02
2.1452438375883582e-02,5.2559641710245664e-01,1.7129264659645396e-02
2.1452438375883582e-02,5.2559641710245664e-01,1.7129264659645396e-02
2.1452438375883582e-02,5.2559641710245664e-01,1.7775774686192933e-02
2.1452438375883582e-02,5.2559641710245664e-01,1.7775774686192933e-02
2.3615345379383132e-02,6.2421763122302243e-01,1.7775774686192933e-02
2.5157948225735433e-02,6.2421763122302243e-01,1.6437927472183662e-02
2.8143818970425408e-02,6.2421763122302243e-01,1.8403251548140657e-02
2.8143818970425408e-02,6.2421763122302243e-01,1.8403251548140657e-02
3.3002806346054923e-02,6.9910033981168529e-01,1.9040910949545162e-02
3.1142250587157905e-02,7.1179222118396535e-01,1.8765627764170789e-02
3.3859138310977990e-02,7.0500784095892921e-01,1.7007374708282390e-02
3.3859138310977990e-02,7.0500784095892921e-01,1.7007374708282390e-02
3.3859138310977990e-02,7.0500784095892921e-01,1.5469903840402591e-02
3.3859138310977990e-02,6.7678645217795430e-01,1.5469903840402591e-02
3.6682549675078467e-02,6.4093910241706586e-01,1.5469903840402591e-02
3.6682549675078467e-02,5.8436789429409364e-01,1.5706097377108780e-02
3.6682549675078467e-02,5.7933204606972100e-01,1.6391223701710492e-02
3.9365738814435045e-02,5.7933204606972100e-01,1.6391223701710492e-02
3.3952404989844136e-02,6.3517402609324225e-01,1.4132571484851869e-02
3.3952404989844136e-02,6.8152984725206522e-01,1.4132571484851869e-02
3.3952404989844136e-02,5.6003973375635896e-01,1.4132571484851869e-02
3.5137903435769724e-02,5.6003973375635896e-01,1.8264842546786883e-02
2.8984553374873306e-02,5.6003973375635896e-01,1.9950530986877785e-02
2.8984553374873306e-02,5.6003973375635896e-01,1.9950530986877785e-02
2.8984553374873306e-02,5.9144322727640053e-01,2.1221897343306713e-02
2.5504878881249315e-02,5.5899351236132899e-01,2.1221897343306713e-02
2.5504878881249315e-02,6.1273648349209520e-01,1.8685388617774416e-02
2.8968452182716761e-02,6.6509540165602410e-01,1.8638445616810814e-02
2.8414390350094736e-02,6.6509540165602410e-01,1.8638445616810814e-02
3.4737963658814375e-02,5.5448297053998807e-01,1.8638445616810814e-02
3.7917390167195787e-02,5.5448297053998807e-01,1.8638445616810814e-02
3.7917390167195787e-02,5.5448297053998807e-01,1.8638445616810814e-02
4.7299572682012674e-02,5.5448297053998807e-01,1.6618283732337313e-02
4.7299572682012674e-02,5.2435665199895165e-01,1.6618283732337313e-02
4.3523145379665125e-02,5.9308298497509082e-01,1.8677497346500305e-02
4.0316451523832522e-02,5.9308298497509082e-01,1.8677497346500305e-02
4.6081343982905233e-02,5.9308298497509082e-01,1.8677497346500305e-02
4.6081343982905233e-02,5.9308298497509082e-01,1.5332922070954710e-02
4.2689057312668525e-02,5.1190523509684460e-01,1.5110721430561760e-02
4.7813165925983711e-02,4.8419493923345586e-01,1.3397746737463797e-02
4.3473207771637455e-02,4.3869400185364715e-01,1.3397746737463797e-02
4.5553941407225199e-02,5.3993094273515307e-01,1.3241619823154065e-02
3.9939835073877265e-02,6.3405937719725569e-01,1.3241619823154065e-02
3.9096959952431620e-02,6.0971319888318465e-01,1.3241619823154065e-02
3.9096959952431620e-02,6.2277199077344858e-01,1.3241619823154065e-02
3.9096959952431620e-02,6.2277199077344858e-01,1.3241619823154065e-02
3.4637983150544283e-02,6.0174223845168651e-01,1.3241619823154065e-02
3.3246307223439159e-02,6.0174223845168651e-01,1.4537648576958665e-02
3.3733078972052001e-02,5.6893775115682277e-01,1.4537648576958665e-02
3.3733078972052001e-02,5.6893775115682277e-01,1.4537648576958665e-02
3.3733078972052001e-02,5.9640247819324388e-01,1.4729178176906593e-02
3.3013360096281134e-02,5.9640247819324388e-01,1.3309084459718640e-02
3.5856306717679441e-02,5.3255806502110503e-01,1.3309084459718640e-02
3.5856306717679441e-02,5.3255806502110503e-01,1.2426310351138812e-02
3.5309359477690164e-02,5.3255806502110503e-01,1.2426310351138812e-02
3.4912953961512512e-02,4.9461523405816887e-01,1.2426310351138812e-02
3.4912953961512512e-02,4.9461523405816887e-01,1.2426310351138812e-02
3.1244578479884388e-02,4.9461523405816887e-01,1.0646343185420704e-02
3.1244578479884388e-02,4.4079987319975433e-01,1.0646343185420704e-02
3.1244578479884388e-02,4.0585655583208763e-01,1.0646343185420704e-02
3.1244578479884388e-02,4.0585655583208763e-01,1.0646343185420704e-02
3.4562025409555358e-02,4.0585655583208763e-01,1.1076201493169582e-02
3.4562025409555358e-02,4.0585655583208763e-01,1.1076201493169582e-02
3.4562025409555358e-02,4.0585655583208763e-01,1.1412695101088772e-02
3.4380031834297817e-02,4.0585655583208763e-01,1.1413645741117079e-02
3.9653985707334624e-02,4.0585655583208763e-01,1.1413645741117079e-02
3.9653985707334624e-02,4.0585655583208763e-01,1.1413645741117079e-02
3.8419382711185009e-02,3.8655266289900492e-01,1.1413645741117079e-02
3.7093381546228203e-02,3.8655266289900492e-01,1.1195377952855702e-02
3.8176661647385819e-02,4.3571469298213933e-01,1.1195377952855702e-02
3.8176661647385819e-02,4.4359880663695855e-01,1.0480263243820155e-02
3.8176661647385819e-02,5.7252757361070128e-01,1.0480263243820155e-02
3.8176661647385819e-02,6.5539311813177625e-01,1.0480263243820155e-02
3.8176661647385819e-02,6.7715928833112538e-01,9.6072864892989673e-03
3.8176661647385819e-02,6.7715928833112538e-01,9.6072864892989673e-03
3.7079480302947526e-02,6.3968197184519537e-01,8.7052157957411731e-03
3.7079480302947526e-02,6.3968197184519537e-01,8.6979993557564118e-03
3.7079480302947526e-02,6.3968197184519537e-01,8.6979993557564118e-03
3.4487991981127543e-02,6.2029530009108147e-01,8.6979993557564118e-03
3.4487991981127543e-02,6.2029530009108147e-01,6.9748009875015855e-03
3.4487991981127543e-02,6.2029530009108147e-01,6.9748009875015855e-03
3.4487991981127543e-02,6.2456763175930441e-01,6.9748009875015855e-03
3.3536875530271446e-02,5.3815296689782011e-01,6.0857215057836247e-03
3.3536875530271446e-02,5.3815296689782011e-01,6.0857215057836247e-03
3.3536875530271446e-02,5.5578962440624013e-01,6.0857215057836247e-03
3.3536875530271446e-02,5.5578962440624013e-01,7.5585215072517505e-03
3.8974638027088275e-02,5.3961651623681328e-01,7.5585215072517505e-03
3.6621899576718714e-02,5.4772562549733039e-01,7.2242275216990622e-03
3.6621899576718714e-02,5.0302496751543879e-01,6.1711873462333951e-03
3.6621899576718714e-02,4.7702358318008509e-01,5.2781735400335922e-03
4.2792908046861027e-02,4.9649590172896790e-01,5.2658569304352074e-03
4.8372964350941905e-02,4.9649590172896790e-01,4.9419328868520714e-03
4.8372964350941905e-02,4.9649590172896790e-01,4.9419328868520714e-03
4.6734358288287141e-02,5.4820985831655444e-01,4.9419328868520714e-03
5.4846253842718101e-02,5.3301995886618236e-01,5.6333785419947248e-03
5.4846253842718101e-02,5.0041627533272293e-01,5.6333785419947248e-03
5.4846253842718101e-02,5.0041627533272293e-01,5.6333785419947248e-03
6.2571996522519019e-02,5.0041627533272293e-01,5.6333785419947248e-03
5.9606853302648130e-02,5.8966821377377776e-01,5.6333785419947248e-03
5.9606853302648130e-02,5.3493563456524618e-01,5.2402177871897181e-03
5.9606853302648130e-02,5.3493563456524618e-01,5.2402177871897181e-03
5.9531321349934864e-02,5.4075697838481496e-01,5.2402177871897181e-03
6.6447763375178590e-02,5.4075697838481496e-01,4.7339652273719352e-03
6.6447763375178590e-02,5.4075697838481496e-01,4.7339652273719352e-03
6.6447763375178590e-02,5.4075697838481496e-01,4.1898997038865840e-03
6.6447763375178590e-02,5.4075697838481496e-01,5.5614206531345231e-03
6.4859584512519691e-02,5.4075697838481496e-01,5.5614206531345231e-03
7.5633076393997398e-02,5.4075697838481496e-01,5.5614206531345231e-03
7.5633076393997398e-02,5.7566904387608098e-01,5.9529166007090241e-03
7.5633076393997398e-02,5.7566904387608098e-01,5.9529166007090241e-03
7.5633076393997398e-02,5.7566904387608098e-01,6.0060745139860856e-03
6.9963242179428842e-02,6.0490943286935273e-01,6.1783457894488943e-03
7.0922019821218596e-02,5.5549262097284047e-01,6.1783457894488943e-03
7.0922019821218596e-02,5.5549262097284047e-01,6.1155498995455523e-03
8.0669984233762967e-02,5.4119053465252198e-01,5.8025277671092191e-03
8.0669984233762967e-02,4.9072752468865843e-01,4.9868920704498618e-03
9.2242272549917292e-02,4.9072752468865843e-01,4.9868920704498618e-03
9.4351500601857610e-02,4.8018732305967354e-01,4.9868920704498618e-03
9.4351500601857610e-02,4.4144288015746896e-01,4.5395475741631152e-03
1.0734163208799678e-01,4.4144288015746896e-01,4.4639728239169582e-03
1.0734163208799678e-01,4.4144288015746896e-01,4.7542637470396323e-03
9.9981088230050211e-02,5.3401665849593172e-01,4.7542637470396323e-03
9.9981088230050211e-02,5.3401665849593172e-01,4.7542637470396323e-03
9.9981088230050211e-02,5.3401665849593172e-01,4.3417155096360802e-03
1.1063535494524573e-01,5.3401665849593172e-01,4.8008360164481529e-03
1.1063535494524573e-01,5.3401665849593172e-01,4.8008360164481529e-03
1.1063535494524573e-01,5.8470745461197360e-01,4.8008360164481529e-03
1.0820158444463261e-01,5.8470745461197360e-01,4.8008360164481529e-03
1.1443709847135271e-01,5.8470745461197360e-01,4.6629051107153763e-03
1.1123297355839337e-01,5.2768544143301810e-01,4.6629051107153763e-03
9.8525012065673490e-02,4.6753495676167506e-01,4.6629051107153763e-03
9.8525012065673490e-02,4.8079336716745341e-01,4.6629051107153763e-03
1.0630221362902385e-01,4.8079336716745341e-01,4.6629051107153763e-03
1.0630221362902385e-01,5.0166227186591372e-01,4.6629051107153763e-03
1.0747188088323396e-01,4.9353907159757598e-01,5.2181137832844468e-03
1.0747188088323396e-01,4.9353907159757598e-01,5.2181137832844468e-03
1.0747188088323396e-01,5.1529229654804654e-01,4.3693347997238226e-03
1.2457207709170291e-01,5.1529229654804654e-01,4.3311491508826773e-03
1.2788258576957154e-01,5.1529229654804654e-01,4.4840685251852797e-03
1.2622676626745200e-01,5.5569174955753486e-01,4.4840685251852797e-03
1.1518004584344040e-01,6.2482595317458534e-01,5.2678911636210649e-03
1.1518004584344040e-01,5.6271088964611471e-01,4.7269360399579616e-03
1.1047583427669523e-01,4.5349223846425812e-01,4.7269360399579616e-03
1.1668878943003136e-01,4.5349223846425812e-01,4.4978088202510908e-03
1.4043962170337143e-01,4.5349223846425812e-01,4.2725665800634983e-03
1.2703139359285445e-01,4.8510721175514565e-01,4.2725665800634983e-03
1.2703139359285445e-01,4.9288261896615121e-01,4.2725665800634983e-03
1.3151023489940933e-01,5.7922820744611436e-01,4.2725665800634983e-03
1.4953559607086159e-01,7.0861983257119454e-01,4.2725665800634983e-03
1.4953559607086159e-01,7.0861983257119454e-01,4.6987096413172794e-03
1.4953559607086159e-01,7.0861983257119454e-01,4.6987096413172794e-03
1.4953559607086159e-01,6.8158638919295556e-01,5.0689108268243844e-03
1.4953559607086159e-01,6.8158638919295556e-01,5.0544456741718610e-03
1.4845519322741627e-01,6.4132361832219120e-01,4.3489206580825650e-03
1.4845519322741627e-01,5.8491502522113370e-01,4.3489206580825650e-03
1.6126390489299541e-01,5.8491502522113370e-01,4.3489206580825650e-03
1.6126390489299541e-01,5.5529653588872396e-01,4.3489206580825650e-03
1.6126390489299541e-01,5.5529653588872396e-01,4.1663206894508300e-03
1.6126390489299541e-01,5.5529653588872396e-01,3.4189853449272645e-03
1.6990975077058743e-01,5.5087146617966176e-01,2.7420227888426190e-03
1.6990975077058743e-01,5.5087146617966176e-01,2.6914369257364833e-03
1.8163291358398315e-01,5.0181307498918737e-01,2.8669670840085343e-03
1.8163291358398315e-01,5.0181307498918737e-01,3.1383924688027018e-03
1.8163291358398315e-01,5.0181307498918737e-01,3.1383924688027018e-03
1.8163291358398315e-01,5.0181307498918737e-01,3.2635362260757255e-03
2.1295996817735338e-01,4.7265444140233337e-01,3.2635362260757255e-03
2.1295996817735338e-01,4.7265444140233337e-01,3.1307574155033566e-03
2.1310267501722194e-01,4.7265444140233337e-01,2.8736250425541367e-03
2.1310267501722194e-01,4.7265444140233337e-01,3.2046591068611626e-03
2.1310267501722194e-01,4.7265444140233337e-01,3.8342843226005004e-03
2.5693970687811962e-01,4.4171211677526023e-01,3.4717705437852355e-03
2.5693970687811962e-01,4.1302738919787624e-01,3.4717705437852355e-03
3.1209040331024884e-01,3.5718888676177968e-01,3.4717705437852355e-03
3.1209040331024884e-01,3.4791753483339938e-01,3.4717705437852355e-03
3.1209040331024884e-01,3.4791753483339938e-01,3.4717705437852355e-03
3.1209040331024884e-01,3.4791753483339938e-01,3.6360602157346506e-03
3.1209040331024884e-01,3.4077032024649045e-01,3.6360602157346506e-03
3.5331300424202727e-01,3.4077032024649045e-01,3.6360602157346506e-03
3.5331300424202727e-01,3.4077032024649045e-01,3.6118484517195597e-03
2.8932634436385468e-01,2.6990563077998597e-01,3.6118484517195597e-03
2.8585748179061321e-01,2.6990563077998597e-01,3.0175596979242535e-03
3.1425129059948370e-01,2.6990563077998597e-01,3.0175596979242535e-03
3.0004124819936900e-01,2.5881238645956267e-01,3.0175596979242535e-03
3.0004124819936900e-01,2.5881238645956267e-01,3.0175596979242535e-03
3.0004124819936900e-01,2.4392345048035791e-01,3.0214329301153850e-03
3.0004124819936900e-01,2.2697016885489119e-01,2.5661753238452011e-03
3.6291817896841122e-01,2.2697016885489119e-01,2.5661753238452011e-03
3.9002592246422235e-01,2.2094155105021518e-01,2.6304898881999552e-03
4.2261025907467198e-01,2.2094155105021518e-01,2.6304898881999552e-03
4.1714599202449865e-01,2.2094155105021518e-01,2.6949948896278402e-03
3.6690381701689406e-01,2.2094155105021518e-01,3.0269736587337512e-03
3.8524840018842238e-01,2.2094155105021518e-01,2.9822401997685699e-03
4.2224432690938385e-01,2.2094155105021518e-01,2.9822401997685699e-03
4.2874419538793140e-01,2.1698348104971180e-01,2.9822401997685699e-03
4.2874419538793140e-01,2.1698348104971180e-01,2.9822401997685699e-03
3.6568555380274181e-01,2.1698348104971180e-01,2.9822401997685699e-03
3.6568555380274181e-01,2.1698348104971180e-01,2.9822401997685699e-03
4.4720694294924684e-01,2.1698348104971180e-01,3.5032823200020847e-03
4.8715379352654253e-01,2.0306678570046921e-01,3.5032823200020847e-03
5.2809062533721285e-01,2.0306678570046921e-01,3.5032823200020847e-03
5.2809062533721285e-01,2.1228022306365521e-01,3.5032823200020847e-03
5.8685917057932935e-01,2.0145541293305436e-01,3.5032823200020847e-03
5.5746466646142012e-01,2.0145541293305436e-01,3.7272717319791491e-03
5.5746466646142012e-01,2.0145541293305436e-01,3.7272717319791491e-03
5.8114632606527505e-01,2.0145541293305436e-01,3.6311496199719945e-03
6.1966173618345943e-01,2.0145541293305436e-01,3.6311496199719945e-03
4.8336552437595376e-01,2.0145541293305436e-01,3.7031674079648306e-03
3.9921937618891090e-01,2.0145541293305436e-01,3.7031674079648306e-03
3.9921937618891090e-01,1.8317802853543455e-01,3.9139566366602103e-03
4.1193602371548399e-01,1.8317802853543455e-01,3.9139566366602103e-03
3.7347711202672140e-01,1.9159119034611063e-01,3.9139566366602103e-03
4.0911346821814376e-01,1.9159119034611063e-01,3.5498856609952620e-03
4.0911346821814376e-01,2.1064106619189768e-01,3.5498856609952620e-03
4.0911346821814376e-01,2.7238482417602777e-01,3.3521722239882794e-03
3.9567341955621471e-01,3.0969529145664587e-01,3.3521722239882794e-03
3.9838019860107965e-01,3.0969529145664587e-01,3.5417908563966398e-03
3.9838019860107965e-01,3.0969529145664587e-01,3.5417908563966398e-03
3.9838019860107965e-01,3.2939510267658795e-01,3.6500055408921948e-03
3.9838019860107965e-01,3.2939510267658795e-01,3.6500055408921948e-03
3.9838019860107965e-01,3.2939510267658795e-01,3.6500055408921948e-03
4.4929437184648285e-01,3.2939510267658795e-01,3.0966802553282521e-03
4.1853867726070598e-01,3.7728926219136344e-01,3.0966802553282521e-03
4.1853867726070598e-01,3.7728926219136344e-01,3.0966802553282521e-03
4.1853867726070598e-01,3.5514989457068286e-01,3.4379684135197874e-03
4.5335039879797262e-01,3.2503159363712603e-01,3.4379684135197874e-03
5.0951012647724137e-01,3.3415840564631544e-01,3.6988649649263437e-03
5.0951012647724137e-01,3.3415840564631544e-01,3.8433987745098838e-03
5.0602293981340629e-01,3.3415840564631544e-01,3.7435638239253460e-03
5.0602293981340629e-01,4.0495493113851416e-01,3.7435638239253460e-03
5.0602293981340629e-01,5.6327584970177036e-01,3.1143796333749332e-03
5.0602293981340629e-01,6.3880237669716600e-01,3.1296938049895319e-03
4.9954663869843696e-01,7.1803258484414989e-01,3.1653502302168199e-03
4.9954663869843696e-01,6.6132749320782591e-01,3.1653502302168199e-03
4.9954663869843696e-01,6.6132749320782591e-01,3.1653502302168199e-03
5.1830336281636447e-01,6.6132749320782591e-01,3.1653502302168199e-03
5.1830336281636447e-01,6.7283163437234517e-01,3.1653502302168199e-03
4.3358197827395423e-01,6.7283163437234517e-01,3.3043967629927265e-03
4.3358197827395423e-01,6.7283163437234517e-01,3.3043967629927265e-03
4.5453180641509633e-01,6.8590718082389102e-01,3.2733186964676755e-03
4.5453180641509633e-01,5.8653793712585922e-01,3.4412171531812020e-03
4.4282665273065031e-01,4.7538730816127001e-01,3.4412171531812020e-03
4.4282665273065031e-01,4.7538730816127001e-01,3.4412171531812020e-03
4.4282665273065031e-01,4.7538730816127001e-01,3.1815311452742154e-03
4.5953784441642248e-01,4.9293882380408705e-01,3.1815311452742154e-03
4.5953784441642248e-01,4.9293882380408705e-01,2.9799906814076600e-03
4.3169108906170606e-01,4.5005062688476516e-01,2.7681403582170533e-03
4.3169108906170606e-01,4.5005062688476516e-01,2.7681403582170533e-03
3.8836140760269966e-01,3.9244283724875512e-01,3.4017560872342287e-03
3.8836140760269966e-01,3.8841997874716305e-01,3.7556940537395236e-03
3.9288494231510035e-01,3.8878960168213605e-01,3.6896087109270933e-03
3.7509997581015780e-01,3.8878960168213605e-01,3.6896087109270933e-03
3.6056943209382858e-01,3.2505303140605468e-01,3.6896087109270933e-03
3.6056943209382858e-01,3.2505303140605468e-01,3.6396167548308159e-03
3.1171492917195864e-01,3.2505303140605468e-01,3.2703067806326520e-03
3.1171492917195864e-01,3.2505303140605468e-01,3.3629623283211369e-03
3.2309418031664006e-01,3.2505303140605468e-01,3.3629623283211369e-03
2.8169759655745585e-01,3.2505303140605468e-01,3.3629623283211369e-03
2.5477683853478811e-01,3.2505303140605468e-01,3.3629623283211369e-03
2.5993527509650116e-01,4.1179519519312929e-01,3.3629623283211369e-03
2.3835910158810328e-01,4.1179519519312929e-01,2.9988831452497267e-03
2.6181380675851967e-01,4.1179519519312929e-01,2.8699444890585815e-03
2.2683980363829179e-01,3.9949998650796470e-01,2.8219391491147096e-03
2.6343762855237968e-01,4.2482247283657132e-01,2.8219391491147096e-03
3.0536889516611132e-01,4.0901290032748694e-01,2.8219391491147096e-03
3.0536889516611132e-01,4.3045113525014406e-01,2.6716519934040822e-03
3.2932189064293477e-01,4.3045113525014406e-01,2.6716519934040822e-03
3.0728480034131245e-01,4.3045113525014406e-01,2.6793739447652028e-03
3.5001529677134730e-01,4.3045113525014406e-01,2.6793739447652028e-03
3.5001529677134730e-01,4.9587076154813520e-01,2.6793739447652028e-03
3.5001529677134730e-01,4.9587076154813520e-01,2.6793739447652028e-03
3.5001529677134730e-01,5.8296903254629073e-01,2.2805945759997747e-03
3.6085091257720581e-01,6.1692364361815399e-01,2.2805945759997747e-03
3.6085091257720581e-01,6.2995234121715016e-01,2.3171562950129588e-03
3.6085091257720581e-01,6.2995234121715016e-01,3.0294099106677611e-03
3.6085091257720581e-01,6.2995234121715016e-01,3.0294099106677611e-03
3.6085091257720581e-01,5.6452855293826065e-01,3.1689938857609370e-03
3.6085091257720581e-01,5.6452855293826065e-01,3.3082158664723719e-03
3.2377725519690370e-01,5.6452855293826065e-01,3.3082158664723719e-03
3.1340360516185006e-01,5.2213401962575434e-01,3.3087622625178593e-03
3.1340360516185006e-01,5.2213401962575434e-01,3.3087622625178593e-03
3.2580855596936464e-01,5.1264893545277623e-01,4.1691908223904298e-03
3.2580855596936464e-01,5.1264893545277623e-01,4.4990541335588373e-03
3.2580855596936464e-01,4.2131656019626812e-01,4.4990541335588373e-03
3.2580855596936464e-01,4.0767835284688292e-01,4.8787541660057490e-03
3.5040502271188956e-01,4.0767835284688292e-01,4.8787541660057490e-03
4.5667574591134952e-01,4.0767835284688292e-01,4.8787541660057490e-03
5.6915008960187474e-01,4.0767835284688292e-01,4.8219936419121043e-03
5.3317948532502091e-01,4.0847218276787378e-01,4.8219936419121043e-03
4.5443919632925361e-01,4.0847218276787378e-01,5.0931900092208403e-03
4.5443919632925361e-01,4.0847218276787378e-01,5.0931900092208403e-03
4.0345346935601595e-01,4.0847218276787378e-01,6.3700636667243316e-03
4.3651526607095298e-01,4.0847218276787378e-01,6.3700636667243316e-03
4.2444806574432564e-01,4.0847218276787378e-01,6.3700636667243316e-03
4.3579257601232863e-01,4.7622423066901642e-01,6.9995414285194393e-03
4.3579257601232863e-01,4.8175639011811910e-01,6.9995414285194393e-03
4.3579257601232863e-01,5.2287158256291388e-01,6.9995414285194393e-03
4.7435479824081611e-01,5.5092055399440898e-01,7.1119973894705410e-03
4.6754594914626585e-01,5.5092055399440898e-01,7.1119973894705410e-03
4.6754594914626585e-01,4.8545101248981171e-01,6.8043999657333293e-03
4.5743180871417954e-01,5.7424407552261758e-01,6.8043999657333293e-03
4.5743180871417954e-01,5.7424407552261758e-01,6.8043999657333293e-03
4.5743180871417954e-01,5.7424407552261758e-01,6.8043999657333293e-03
4.5743180871417954e-01,5.7424407552261758e-01,6.6627761377620817e-03
4.9908829301554125e-01,5.7424407552261758e-01,6.6627761377620817e-03
5.2797503985906336e-01,5.7424407552261758e-01,6.2246178059566313e-03
5.2797503985906336e-01,6.3559812393932913e-01,6.2246178059566313e-03
5.2797503985906336e-01,6.3559812393932913e-01,6.2050102508274833e-03
5.2797503985906336e-01,7.6824879743327645e-01,6.2050102508274833e-03
6.1776021009460158e-01,7.6824879743327645e-01,6.2050102508274833e-03
6.1776021009460158e-01,8.6897227534182897e-01,6.1573475558559052e-03
6.1776021009460158e-01,8.6238992041241025e-01,6.3867986948585300e-03
7.1883664878503162e-01,7.9961307646811541e-01,6.0579283392257974e-03
6.4932205108978114e-01,7.9961307646811541e-01,6.0579283392257974e-03
6.4932205108978114e-01,7.9961307646811541e-01,6.0579283392257974e-03
6.4932205108978114e-01,8.2934526990374036e-01,6.5202603620502881e-03
7.4897336448544316e-01,7.7712068063886908e-01,6.1749481669557960e-03
7.7334404635131748e-01,7.7712068063886908e-01,6.2815708998155816e-03
7.7334404635131748e-01,7.7712068063886908e-01,6.2227785376246332e-03
7.7334404635131748e-01,8.0068604422535672e-01,6.2227785376246332e-03
7.7334404635131748e-01,8.0068604422535672e-01,5.7766470737966417e-03
7.1827178039804362e-01,8.8823601498341376e-01,5.7766470737966417e-03
7.1827178039804362e-01,8.8823601498341376e-01,5.7766470737966417e-03
7.1827178039804362e-01,8.4156938214756771e-01,4.8595340261317161e-03
7.1827178039804362e-01,8.4156938214756771e-01,5.9113997690696555e-03
7.1827178039804362e-01,8.8479077616879920e-01,5.9113997690696555e-03
8.7590557474397801e-01,6.9755677191398491e-01,5.9113997690696555e-03
8.2978945708382945e-01,6.9755677191398491e-01,5.9113997690696555e-03
8.2768305962183242e-01,6.9755677191398491e-01,5.3433525481331404e-03
7.8022697645235073e-01,7.0510724909025735e-01,6.4206525187283882e-03
8.9117929559754183e-01,7.0510724909025735e-01,5.9687240468322697e-03
1.0710176978134345e+00,7.0510724909025735e-01,5.9687240468322697e-03
1.2040786081005157e+00,6.2550365188662438e-01,4.8002522062127635e-03
1.1962341563317855e+00,5.4731972712496235e-01,4.8002522062127635e-03
1.1962341563317855e+00,5.4731972712496235e-01,4.8002522062127635e-03
1.1962341563317855e+00,4.9205907120819115e-01,4.8002522062127635e-03
1.1866163684619353e+00,4.9205907120819115e-01,4.8002522062127635e-03
1.1283270644797891e+00,4.9205907120819115e-01,4.1731783110756640e-03
1.0724694060120117e+00,4.9205907120819115e-01,5.1325610209982300e-03
1.0912025245218078e+00,4.6551481288111862e-01,5.1325610209982300e-03
1.0967119361974493e+00,4.6551481288111862e-01,5.0979913848970167e-03
1.1025072721212306e+00,4.4614478645468419e-01,4.7063310725976833e-03
1.1025072721212306e+00,4.5127117975710213e-01,4.9367710057711409e-03
1.0537887027189097e+00,4.5127117975710213e-01,4.1400376154579728e-03
1.0049258012617415e+00,3.7489057967151351e-01,3.3808127808502655e-03
9.4988217473163850e-01,4.0196194502792909e-01,3.1776376920653374e-03
8.1533346308395382e-01,4.0196194502792909e-01,3.3272780936620546e-03
8.1533346308395382e-01,4.0196194502792909e-01,3.3272780936620546e-03
7.7517836345107427e-01,4.0196194502792909e-01,3.2022672121207311e-03
7.7517836345107427e-01,4.1715834498176818e-01,3.2022672121207311e-03
7.1504036564475459e-01,4.5433063371259386e-01,3.2022672121207311e-03
6.0337304038047324e-01,5.5476594780914801e-01,3.2022672121207311e-03
6.0337304038047324e-01,5.5476594780914801e-01,3.3391994954385796e-03
6.0337304038047324e-01,5.5476594780914801e-01,3.2530160354644279e-03
6.0337304038047324e-01,5.5476594780914801e-01,3.3821428616651020e-03
6.0337304038047324e-01,5.6975638019821240e-01,2.9897868766564925e-03
5.6945791075778041e-01,6.6898982193674228e-01,2.9897868766564925e-03
5.6945791075778041e-01,6.3212198057231983e-01,2.9897868766564925e-03
6.2850058035566125e-01,5.6303586642472070e-01,2.7316472683126367e-03
6.2850058035566125e-01,5.6303586642472070e-01,2.5777473278543678e-03
5.5196722821198174e-01,7.1215539736635980e-01,2.5777473278543678e-03
5.9575637761611622e-01,7.1215539736635980e-01,2.5777473278543678e-03
5.9575637761611622e-01,7.1215539736635980e-01,2.5777473278543678e-03
5.7254107281383415e-01,7.1215539736635980e-01,3.1831779902875587e-03
5.3139378836556583e-01,6.2951207189601921e-01,3.1831779902875587e-03
5.3139378836556583e-01,5.3887833067247892e-01,3.1831779902875587e-03
5.4099568488422789e-01,5.4011924302380310e-01,3.2066227578743047e-03
5.4099568488422789e-01,5.4011924302380310e-01,3.2066227578743047e-03
5.4099568488422789e-01,5.3422224772611870e-01,3.2066227578743047e-03
4.9422664984402453e-01,5.0178021225606018e-01,3.1149304318526388e-03
4.1542147621357450e-01,5.1525205124948326e-01,2.6628451917187481e-03
4.1352401477153428e-01,5.1525205124948326e-01,2.7848974288490710e-03
4.1352401477153428e-01,5.1525205124948326e-01,2.4083127844250099e-03
4.1352401477153428e-01,5.4654936831252943e-01,2.4083127844250099e-03
4.2977403262566000e-01,6.1500381047680253e-01,2.4083127844250099e-03
4.2977403262566000e-01,6.3610431517257038e-01,2.5161655285445882e-03
4.6467279867200578e-01,6.3610431517257038e-01,2.5161655285445882e-03
4.6467279867200578e-01,6.3610431517257038e-01,2.2581108770488518e-03
4.1794089871339524e-01,5.8524714131158928e-01,2.2581108770488518e-03
4.0923100235032017e-01,5.8524714131158928e-01,2.0811836418538352e-03
4.0923100235032017e-01,6.7717579478049561e-01,2.0811836418538352e-03
3.9876498587199161e-01,6.5573228813707574e-01,2.0811836418538352e-03
3.9876498587199161e-01,6.5573228813707574e-01,2.0811836418538352e-03
3.9876498587199161e-01,6.5573228813707574e-01,2.0811836418538352e-03
4.3799575386973705e-01,6.5573228813707574e-01,2.0024958386304459e-03
4.1288353004323175e-01,6.9222408249448641e-01,2.0892436187902822e-03
4.1288353004323175e-01,5.7187738371118702e-01,2.3229517674023797e-03
4.5138918743901585e-01,5.2620301899018673e-01,2.6909952494826262e-03
4.1680116346884000e-01,5.7279915583612429e-01,2.6909952494826262e-03
4.1680116346884000e-01,5.4329932100183120e-01,2.6909952494826262e-03
4.1680116346884000e-01,5.8801755742130035e-01,2.7448097189658317e-03
4.6893853286793652e-01,5.8801755742130035e-01,2.5908676077387818e-03
4.6893853286793652e-01,5.8801755742130035e-01,2.8102567311001888e-03
4.6893853286793652e-01,6.6776931366796988e-01,3.1723629406939847e-03
4.6109108611483590e-01,8.1667018105643507e-01,3.1723629406939847e-03
4.9390688293369084e-01,8.1667018105643507e-01,3.1723629406939847e-03
4.5622236227489910e-01,7.7845827413003010e-01,2.8960290001862070e-03
4.8583982518181440e-01,7.7845827413003010e-01,2.6739171073694879e-03
4.8583982518181440e-01,7.7845827413003010e-01,2.6739171073694879e-03
4.8467949637957453e-01,7.7845827413003010e-01,2.6739171073694879e-03
4.8467949637957453e-01,7.7845827413003010e-01,2.6739171073694879e-03
4.8467949637957453e-01,7.7845827413003010e-01,2.4812535674768104e-03
4.8467949637957453e-01,7.7845827413003010e-01,2.4812535674768104e-03
5.4460999219873263e-01,7.5711818530770425e-01,2.2119878511378519e-03
5.3379397542808127e-01,7.5711818530770425e-01,2.0338220636907595e-03
5.3144478995402045e-01,7.5106954463074327e-01,2.0429092146230397e-03
5.3144478995402045e-01,7.5106954463074327e-01,2.1998232058579722e-03
5.5356596215326359e-01,7.5106954463074327e-01,2.0028430086995014e-03
5.5884559729604166e-01,7.5106954463074327e-01,1.9586068674736406e-03
5.0020995872368268e-01,6.9510419179790706e-01,1.9586068674736406e-03
5.0020995872368268e-01,6.9510419179790706e-01,1.8536295877001642e-03
4.3166583457291663e-01,7.9977373844359512e-01,1.8536295877001642e-03
3.7095302744989339e-01,6.9760933394999858e-01,1.8536295877001642e-03
3.7095302744989339e-01,6.9760933394999858e-01,1.8536295877001642e-03
3.3896083049335768e-01,6.9760933394999858e-01,1.8536295877001642e-03
3.3896083049335768e-01,7.5660452571258474e-01,1.8536295877001642e-03
3.0511532682818104e-01,8.3386516144882172e-01,1.8536295877001642e-03
3.0511532682818104e-01,8.3700283907833017e-01,1.5244524377785280e-03
3.3540333087208840e-01,8.9880509097408046e-01,1.5244524377785280e-03
3.3540333087208840e-01,9.2857726942056440e-01,1.4286049704915922e-03
3.4954223526221673e-01,9.2857726942056440e-01,1.2895878107798949e-03
3.4954223526221673e-01,9.2857726942056440e-01,1.2895878107798949e-03
3.4954223526221673e-01,9.2857726942056440e-01,1.2895878107798949e-03
4.6249072001765124e-01,9.2857726942056440e-01,1.2895878107798949e-03
4.6249072001765124e-01,1.0897185467177080e+00,1.4119532832473451e-03
4.6249072001765124e-01,1.0897185467177080e+00,1.4119532832473451e-03
4.3522954928156582e-01,1.0897185467177080e+00,1.7439669742676021e-03
4.3522954928156582e-01,1.0897185467177080e+00,1.9211429170306890e-03
4.8998450855658349e-01,9.8328860963112275e-01,2.0927364903967596e-03
4.9817808371218575e-01,8.8969319943141534e-01,2.2405501959720359e-03
4.4423983856907723e-01,8.8969319943141534e-01,2.0490559005665837e-03
4.4337403795433905e-01,1.0058086775664343e+00,2.1233629590582180e-03
4.2826630993486575e-01,1.0058086775664343e+00,1.8384845903281074e-03
3.5525030319777218e-01,1.0058086775664343e+00,1.8384845903281074e-03
3.5525030319777218e-01,8.7790681493309364e-01,1.8384845903281074e-03
3.5525030319777218e-01,9.1311168712225321e-01,1.8384845903281074e-03
3.5525030319777218e-01,9.1311168712225321e-01,1.7715979297309517e-03
3.3438040907402361e-01,9.2204926256068398e-01,1.6878264446261188e-03
3.5766519998300006e-01,1.0800798766727573e+00,1.6878264446261188e-03
3.5766519998300006e-01,1.1421788157580972e+00,1.7088624169688438e-03
3.8418361793448363e-01,1.1416174501248522e+00,1.4204451574198987e-03
3.8418361793448363e-01,1.1416174501248522e+00,1.3395003093641374e-03
4.0182413111329940e-01,1.1416174501248522e+00,1.3395003093641374e-03
4.0182413111329940e-01,1.1416174501248522e+00,1.3395003093641374e-03
4.0182413111329940e-01,1.1091573658519915e+00,1.4160330860800607e-03
3.9913961174279561e-01,1.0845979298863360e+00,1.2750118069309007e-03
4.0759710686936934e-01,1.0181216299761784e+00,1.2750118069309007e-03
4.0759710686936934e-01,1.0181216299761784e+00,1.4412855307830944e-03
4.0759710686936934e-01,1.0181216299761784e+00,1.4178359043244700e-03
4.3126335036921098e-01,9.8010183556779096e-01,1.1426475863871876e-03
4.0234823041530898e-01,9.8010183556779096e-01,1.1426475863871876e-03
4.0234823041530898e-01,9.8010183556779096e-01,1.1426475863871876e-03
4.0234823041530898e-01,9.8010183556779096e-01,1.1426475863871876e-03
4.0234823041530898e-01,1.2262764239937909e+00,1.1426475863871876e-03
3.3337580590355526e-01,1.2262764239937909e+00,1.1426475863871876e-03
3.3337580590355526e-01,1.4254723508388196e+00,1.1426475863871876e-03
3.3337580590355526e-01,1.6018620462711932e+00,1.1426475863871876e-03
3.3337580590355526e-01,1.6018620462711932e+00,1.1426475863871876e-03
3.3337580590355526e-01,1.9983452088745870e+00,1.1426475863871876e-03
3.3337580590355526e-01,1.7568509902327016e+00,1.1426475863871876e-03
3.3337580590355526e-01,1.8968683044623540e+00,1.1426475863871876e-03
2.9328764714466854e-01,1.8968683044623540e+00,9.4667706655868179e-04
3.1707787411498178e-01,1.9002368403620045e+00,8.6669549642328855e-04
3.1707787411498178e-01,1.8748692361685702e+00,8.6669549642328855e-04
3.5068777099833587e-01,1.8748692361685702e+00,7.8744728079202173e-04
3.9164050634956937e-01,1.8748692361685702e+00,8.1388515041679542e-04
3.9164050634956937e-01,2.0099900209925368e+00,8.1388515041679542e-04
3.9164050634956937e-01,2.0099900209925368e+00,8.1388515041679542e-04
3.7958018553313666e-01,2.0099900209925368e+00,8.1388515041679542e-04
3.3272733592666942e-01,1.8810463904762156e+00,9.1175918230879214e-04
3.3272733592666942e-01,1.8810463904762156e+00,9.1175918230879214e-04
3.2159188413845918e-01,1.8810463904762156e+00,8.5996238703810299e-04
3.2159188413845918e-01,1.8810463904762156e+00,8.5996238703810299e-04
3.4773839811315843e-01,1.5437002078325845e+00,8.4812974018907159e-04
3.4773839811315843e-01,1.5437002078325845e+00,8.0824062388291766e-04
3.2052478764955344e-01,1.5680964934200043e+00,7.3173391438251820e-04
3.2052478764955344e-01,1.5680964934200043e+00,7.3173391438251820e-04
3.2052478764955344e-01,1.5680964934200043e+00,7.3173391438251820e-04
3.0598032428433730e-01,1.7526878209263852e+00,7.3173391438251820e-04
3.0598032428433730e-01,1.5024338202382770e+00,8.0993459247384147e-04
3.1975947946082156e-01,1.5984104665626426e+00,8.0993459247384147e-04
3.1975947946082156e-01,1.4674506439290345e+00,8.0993459247384147e-04
3.1975947946082156e-01,1.4674506439290345e+00,8.0187292437784491e-04
3.5013379050175647e-01,1.4674506439290345e+00,7.5060506418018135e-04
3.5013379050175647e-01,1.4674506439290345e+00,7.5060506418018135e-04
3.5013379050175647e-01,1.4674506439290345e+00,7.5060506418018135e-04
3.5013379050175647e-01,1.4939158488848325e+00,7.0389713383756547e-04
3.3087268515623991e-01,1.3285371269034609e+00,7.0389713383756547e-04
3.3087268515623991e-01,1.3285371269034609e+00,7.0389713383756547e-04
3.4460788000664205e-01,1.3285371269034609e+00,7.0503964226964054e-04
3.4460788000664205e-01,1.2696707330581565e+00,7.0503964226964054e-04
3.4460788000664205e-01,1.2534974468074640e+00,7.4894948666681964e-04
3.4460788000664205e-01,1.2401656585115250e+00,6.1103145979920733e-04
4.5191160162167998e-01,1.2401656585115250e+00,6.1103145979920733e-04
4.9760850233665799e-01,1.3829103402488179e+00,6.1103145979920733e-04
4.9760850233665799e-01,1.3784386227560004e+00,5.2910587841207830e-04
4.9760850233665799e-01,1.3784386227560004e+00,5.2910587841207830e-04
5.2767058074536011e-01,1.3317343482630730e+00,5.2910587841207830e-04
5.3678505644341268e-01,1.3317343482630730e+00,4.7159246553599989e-04
5.4206597521147082e-01,1.3317343482630730e+00,4.7159246553599989e-04
5.4206597521147082e-01,1.5761987447234584e+00,4.7159246553599989e-04
6.6338198013401584e-01,1.6102218754575075e+00,4.7159246553599989e-04
6.6338198013401584e-01,1.6102218754575075e+00,3.7882437025683750e-04
5.8519741252313495e-01,1.6146933186997003e+00,4.2802751874837226e-04
5.8519741252313495e-01,1.8146450073366636e+00,4.6099924048329606e-04
5.5143291552042006e-01,1.8146450073366636e+00,5.0987391776239992e-04
5.4073104813895756e-01,1.8146450073366636e+00,5.0987391776239992e-04
6.0106857534709002e-01,1.8146450073366636e+00,5.4796382679888375e-04
6.1269489116395337e-01,2.0316473474014156e+00,5.4796382679888375e-04
8.0272836828279648e-01,2.0316473474014156e+00,5.8067441504827168e-04
8.0016859335026203e-01,2.0316473474014156e+00,4.6375139880624219e-04
7.1426333290485133e-01,2.0316473474014156e+00,4.3112312169079253e-04
7.8688739542449149e-01,2.0018669788322967e+00,4.3112312169079253e-04
7.8688739542449149e-01,1.8488972963046877e+00,4.3112312169079253e-04
7.8688739542449149e-01,2.0014958862530281e+00,4.3112312169079253e-04
7.3294266487317994e-01,2.0014958862530281e+00,4.6451927911768983e-04
7.5475605230675669e-01,2.0014958862530281e+00,4.5294763266414171e-04
6.8513019398585007e-01,1.8634624539717273e+00,4.5294763266414171e-04
6.8513019398585007e-01,2.0901909431682912e+00,4.5294763266414171e-04
7.5464219867567461e-01,1.9925980182618361e+00,4.9296339312529091e-04
8.4661037095481162e-01,2.0814488406285947e+00,4.9296339312529091e-04
8.6350994023386030e-01,2.0814488406285947e+00,4.5027430657062286e-04
8.6350994023386030e-01,2.0064678265807467e+00,3.8331773571489731e-04
8.6546921238067953e-01,2.1865557458657827e+00,3.8331773571489731e-04
8.6546921238067953e-01,2.3700294308352428e+00,3.3185411601511432e-04
8.6546921238067953e-01,2.5779528120235464e+00,3.4973136853572943e-04
8.6546921238067953e-01,2.4230014071301715e+00,3.0416031230745799e-04
8.7199943502966437e-01,2.4230014071301715e+00,3.0416031230745799e-04
8.7199943502966437e-01,2.1665791580274658e+00,3.0416031230745799e-04
8.7199943502966437e-01,2.0338683547392193e+00,3.6332554169634881e-04
8.7199943502966437e-01,2.0338683547392193e+00,3.6332554169634881e-04
8.2456208593518376e-01,2.1105830225238669e+00,3.9995462557540008e-04
8.2456208593518376e-01,2.1105830225238669e+00,3.0095370583423445e-04
7.2265200497839499e-01,2.2146183361146905e+00,3.0095370583423445e-04
7.2265200497839499e-01,2.6643434457408985e+00,3.0095370583423445e-04
7.2265200497839499e-01,2.4980962526930846e+00,3.0095370583423445e-04
7.2265200497839499e-01,2.4259714126121157e+00,2.6128464292103453e-04
7.2265200497839499e-01,2.7281711314285761e+00,2.4952434993804072e-04
6.2322462277103108e-01,2.7856153353721798e+00,2.4952434993804072e-04
6.2939363941352011e-01,2.7856153353721798e+00,2.4952434993804072e-04
6.8706995382252878e-01,2.7856153353721798e+00,2.2908862467701819e-04
8.0832370103494988e-01,2.9369394769731074e+00,2.3954489408576873e-04
8.0832370103494988e-01,2.8736617215766391e+00,2.3954489408576873e-04
9.2262645470570337e-01,3.0313476915082296e+00,2.3954489408576873e-04
9.2262645470570337e-01,3.0313476915082296e+00,2.3874775372196126e-04
9.2262645470570337e-01,3.0313476915082296e+00,2.3874775372196126e-04
8.4444591779836287e-01,3.0274083908763267e+00,2.2180999602853762e-04
7.1562424740331754e-01,3.0274083908763267e+00,2.6293727344448719e-04
8.0508013063426853e-01,2.9192067866959799e+00,2.6566637924074088e-04
8.0508013063426853e-01,3.0813448478766827e+00,2.6566637924074088e-04
7.9131604622198592e-01,3.0445653342235826e+00,2.6566637924074088e-04
7.9131604622198592e-01,3.0445653342235826e+00,2.4172290857871261e-04
7.9131604622198592e-01,3.0445653342235826e+00,2.1320332047864731e-04
7.9131604622198592e-01,2.8923553814655927e+00,2.1320332047864731e-04
7.9131604622198592e-01,2.8923553814655927e+00,2.0618959493585084e-04
8.6421921559131276e-01,2.8923553814655927e+00,2.3885265315992310e-04
8.1881597130631423e-01,2.8923553814655927e+00,2.1209301363495883e-04
8.1881597130631423e-01,2.8923553814655927e+00,2.0249525914824097e-04
8.1881597130631423e-01,3.4823622945695010e+00,2.0249525914824097e-04
8.1881597130631423e-01,3.6140321048374742e+00,2.0249525914824097e-04
8.1881597130631423e-01,3.8586764547972314e+00,2.0249525914824097e-04
6.5144507690604803e-01,3.7293867257116422e+00,2.0249525914824097e-04
6.2742131831850079e-01,3.7293867257116422e+00,2.1843153909405414e-04
6.2742131831850079e-01,3.9930860292457151e+00,2.1843153909405414e-04
5.4230104820036173e-01,4.0600583290189807e+00,2.3533561796730079e-04
5.4230104820036173e-01,3.9813096680490485e+00,2.0980170040949453e-04
5.1345042221433612e-01,3.8188405261708787e+00,2.0980170040949453e-04
5.3135945569660148e-01,3.6152272774883296e+00,2.2319043368244172e-04
5.3135945569660148e-01,3.3435565209169988e+00,2.2319043368244172e-04
5.3135945569660148e-01,3.3435565209169988e+00,2.0154059429193082e-04
5.6716976681833686e-01,3.1879889163479134e+00,2.0154059429193082e-04
5.9872231926078789e-01,2.8459423484514486e+00,2.0154059429193082e-04
6.8650483380590666e-01,2.8459423484514486e+00,2.0154059429193082e-04
6.8650483380590666e-01,2.6686510282513991e+00,1.9135380137042364e-04
5.2772510794505023e-01,2.6686510282513991e+00,1.9135380137042364e-04
5.2772510794505023e-01,2.8284101864561144e+00,2.0361251148944660e-04
