0.886469408,-2.463585644,1.319946591,-1.031738891,0.372569676,-0.167816101,0.071982507,-0.666231334,0.348526993,-0.208109625,0.221881595,-0.544473724,0.745721129,-1.022876088,1.626054819,-0.833168555,0.98925393,-1.524043403,1.127018042,-0.213617484,-0.572817542,-0.221635135,-0.052214783,0.506541058,1.103995111,-1.624865056,-0.592962641,-1.223885118,1.011611415,3.264057732,-1.599261858,-0.182746923,0.364498021,1.69490343,0.730141581,-1.099950372,-0.541137327,-0.086053845,-0.625730186,1.091828795,2.203303005,0.480707967,-1.312701899,-1.249326269,-0.38185396,-0.732722597,0.048160072,1.395241028,0.525388918,1.415265028,-3.193850954,-2.397952898,-2.130390777,5.594956155,2.923454473,4.444270386,-6.754908211,-1.235084956,-2.149229907,-5.078879547,8.17534529,-5.194703855,-1.55891457,-3.072179369,0.867980448,1.546403432,0.980102532,0.25832319,-3.627539889,-2.707946637,-0.313742656,0,6,1
-1.991833397,1.208670064,8.256952329,6.11391562,-3.098222198,6.883321908,0.556546373,-0.570055617,-2.241904108,-0.710552857,0.821421378,0.749089348,2.114002087,-0.592138571,-2.203990194,-0.404158771,0.780582827,-2.233840721,1.332000771,-0.38077925,-0.258197633,2.650714073,-0.206459982,1.919342949,-1.604826824,1.938000641,1.245213162,0.157990074,-2.075250276,-2.995958067,-0.055658254,-1.989621666,-0.810499049,-7.064784483,0.638063802,12.0305885,-7.556360975,-6.082669048,-7.398497506,-8.771808661,-2.394555704,-1.670798648,-4.92138279,1.448034131,1.863966209,-6.105340538,-0.048857033,-3.238730579,-3.05940349,1.181880068,1.425831449,-0.081464165,-0.897287366,0.772416304,0.488522952,0.56634954,-2.546414153,1.780434484,0.518169861,-1.007969352,0.382370726,-0.08073412,2.719315434,-0.925303862,1.80178799,-1.096156832,-0.413962359,1.855337093,0.072778801,1.237073601,0.371440843,0,6,1
2.919986927,-2.648240051,2.676352292,1.309381439,-0.160627069,2.478211074,0.947010785,-0.498294938,-0.92510637,0.167057336,-0.35114762,-0.211564801,-0.713450187,-1.277451151,2.457781281,-0.176614848,0.75198452,0.243935537,-0.030864774,1.849117481,0.455809545,-2.684055297,1.284895149,0.715700323,2.513967705,-0.502247018,-0.435575573,0.45811661,0.789415351,1.294614889,0.041872155,-0.117402052,0.344863839,1.900373608,0.381620244,-1.279910785,1.172896954,-2.498482557,2.817132128,2.297724441,2.167003172,-4.475075896,-2.611544356,-2.742367014,3.514666238,-10.8764152,2.441119816,14.01621804,-5.732303858,2.735841944,4.157693025,-2.792510645,6.730626281,-2.941759801,-0.136699874,-0.512040346,1.766288858,-0.758455343,-0.516588917,-0.392019164,-0.7917044,1.314923267,0.111385725,-0.541567567,0.463543693,-0.082054963,-0.366168496,-0.112821407,-1.241578161,-0.901566364,-0.150077374,0,6,1
-4.088341121,4.373390808,16.76882235,11.34597539,-8.040444764,16.63232776,3.171745083,-1.689628525,-1.685863176,-0.417087588,3.343578085,4.282745643,6.224796082,1.617331188,3.272554237,5.678753478,-2.543956526,11.41827131,-1.33382728,-2.773519263,6.725619528,-5.309922896,1.571101547,-3.846174485,0.970328282,1.204086086,0.68187918,-0.78906217,1.685925388,-0.376958612,2.387682853,0.61778961,0.434415381,-0.492358275,-0.689864403,-2.360681391,3.244440881,0.39896599,3.496222054,1.322405245,-1.928086153,1.29728231,2.137794821,-1.357720078,-0.53965957,2.254623594,0.928852986,0.883731472,2.502066827,-0.979638623,-0.734798591,1.764881646,-0.958894124,-0.056310176,0.563953955,-1.042040868,-0.573422566,-1.166448278,-3.197148257,-1.458036615,0.449734571,-1.152773284,4.160087631,0.107896514,-2.14460195,0.074526056,-2.763916499,1.492914893,-0.207984948,0.459178057,-0.413545409,0,6,1
2.143197839,-1.688785794,1.270356938,-0.835079558,1.298423943,1.365131229,1.182479181,0.610115752,-0.052495757,0.371347023,0.127740619,-0.162905909,1.658766515,-0.910354997,1.658973319,-2.863850927,0.292362935,0.955643642,0.826376715,-1.113795392,-2.136393562,1.289697568,1.119480898,0.332559496,-0.128404904,-1.928034822,-0.807122517,2.682830572,-0.677727943,0.525364843,-1.15363558,-0.937247742,3.347098842,0.897951044,-0.367673445,2.210417711,-3.294880141,3.06962231,-1.048073628,-0.459440025,3.544415888,-3.072048544,-2.631010744,-4.047588529,2.683963873,-4.32101857,-2.73268041,3.89476674,5.22620432,-10.30546085,-12.5746896,-0.380598616,-2.650440699,3.825827287,-2.419933774,-4.236654298,2.557071331,0.126168367,-1.951624265,3.321250888,-2.089553697,0.82121708,-0.170953874,-0.684776848,-0.137829932,-0.456822644,0.696775995,0.509000393,-0.747130725,0.455007756,-0.078170784,0,6,1
-0.171424614,-0.328877361,4.178769102,-0.449555492,-0.101832928,2.257612406,0.960920062,0.036000537,-0.918254683,0.302300691,0.942240798,0.245120826,3.124346935,-0.254022277,0.998345974,-2.336564034,1.713602086,0.763162585,1.936211983,-0.454833742,-1.66464819,-1.748041104,-0.137707383,2.286525602,-0.113716646,-4.023647977,-2.133305016,0.127613243,1.415462557,5.646806494,-0.03183863,2.353275118,-0.808915837,2.285905949,-1.836135848,-2.479819013,-4.41428493,4.375388236,-8.124470475,4.158350493,5.799072442,1.174208379,-1.658941631,2.38050494,-1.214606879,-0.337925271,-2.301512583,-3.863750462,-2.113948684,0.294891779,2.630163597,0.60016613,2.319076672,-2.780991286,1.655988893,-2.076149448,1.01111461,1.091518594,-0.820766319,0.646455683,0.634093953,-0.482616876,-1.040148612,0.07998094,-0.145508956,0.252043224,1.343101868,0.65260505,-3.837730632,-0.134977705,-3.932831841,0,6,1
0.160955254,-0.864223873,3.677014312,-0.116642252,0.043852507,1.822639244,0.932554012,-0.071577662,-1.679623471,0.069007247,0.662859401,1.517124274,2.495353608,-0.262807828,1.760527064,-2.661706961,1.971299332,0.447568776,2.055443697,-0.135850043,-2.069696504,-0.595478387,-0.467182113,2.295226097,0.215362728,-3.961642804,-1.845220416,-0.048498706,0.973152095,5.191861194,1.029035312,1.870160474,-0.275244933,1.993872293,-2.403709819,-2.393702304,-4.215258266,4.567492434,-7.285515033,2.830965702,6.789418518,0.322100409,-1.091991803,2.551338383,0.040128937,-0.19778429,-2.740858834,-2.975636823,-1.702672771,-0.533874883,2.936237137,2.748995446,1.023166939,-3.816782777,0.531362826,-2.824418045,0.504044734,1.260772676,-2.185591884,-1.12478619,-0.186918793,-1.427012334,0.783810712,1.23247952,-1.602174569,0.805864065,-3.399113369,-0.647437886,3.560125973,0.351534094,3.594990869,0,6,1
-0.994827797,-0.212497827,8.512597682,5.905455439,-3.508286508,7.73432115,-0.857762708,-0.629814744,-0.736763944,-0.836191867,-0.834757225,0.447025717,-3.886506269,-2.191092507,1.459165261,-1.724519412,0.933052304,-20.93036012,-0.847275795,14.04524984,-4.185219004,-9.336670563,-1.998718416,-0.450105406,-7.130645628,1.248614505,1.921892491,-1.44823434,-0.980702366,-4.666431517,2.470802106,-1.184704672,1.566155204,1.180115552,-0.046207232,-1.861781247,2.686083973,2.978978055,1.329787508,0.990450989,0.617068777,0.033293127,1.309769255,-0.300651224,0.294464042,1.886052282,-0.673555061,-0.668531079,0.604372749,-1.036567461,-0.614167256,0.992908486,0.244302366,-0.27782175,-0.46996858,-0.513443666,0.603035686,0.341680622,0.212302589,0.442386723,0.179753812,-0.203606792,1.428150834,-0.439293227,0.756116792,-0.608423338,-0.227133438,0.088361007,-0.448800072,0.096083443,-0.387610727,0,6,1
-0.304745514,-4.114131158,21.31877826,-24.86238776,-22.07332119,-13.42257218,1.153487627,0.195855101,1.225466576,-1.110462497,0.679848822,-0.095380075,-2.427690874,0.922545921,-3.047104078,0.488818214,-1.19254203,0.914961127,-0.913710815,-0.278648118,0.537782264,0.342324662,-0.532707691,-0.492410696,0.187952673,1.089206152,-0.666934054,1.445717502,-0.692819636,-4.236133691,1.991035904,0.53462076,-2.16228487,1.242995128,0.502010399,-0.69616263,-1.050966932,0.409122249,0.24269835,-0.378709892,-0.231072247,-0.15037962,0.089509059,-0.190293707,-0.080060457,-0.094060502,0.208956093,0.220265584,0.072448439,-0.057556178,0.033339344,-0.062507112,-0.16395024,-0.045621997,-0.10062383,-0.074103856,0.064324635,0.013419653,-0.016217127,-0.010443441,-0.107097416,0.040619845,0.197529235,0.004205179,0.233977784,-0.060377966,0.047564446,-0.110627697,0.117577603,-0.032149715,-0.064294804,0,6,1
-6.066014818,6.084201628,13.50087534,3.778726711,6.321003253,-0.197028395,0.646211941,-0.696943955,-0.660582211,0.448613055,-0.115248972,1.377045093,3.162021603,0.989303849,0.54679991,0.680409659,9.173786206,-0.786743496,5.03204446,0.71710244,-9.456460484,18.93396232,-9.807867369,1.631719944,3.838031916,-3.798172638,1.880319465,-4.457281209,-4.696815966,-1.019843854,2.405221585,1.156852258,0.061172097,0.614238279,-0.606123487,-3.449969301,3.399566148,0.228815612,3.617535219,-1.290298245,-0.246915883,-1.556849624,2.863158728,0.284520017,0.873454004,1.766617352,-0.940734212,2.164968245,-0.382932088,0.026477964,0.503013499,0.231124283,-0.309943565,-0.049243418,0.148548434,-0.004221246,-0.193686075,-0.123221496,0.699622103,-0.213611521,-0.511162282,-0.026638539,0.280966688,0.012615992,0.589664116,-0.051672913,0.010714166,0.475971716,0.161453007,0.499836821,-0.35289502,0,6,1
-11.92334622,1.579242953,-6.402646031,-2.629509454,-1.483397283,-0.417946554,-0.042241944,2.71920849,4.372241416,1.995077704,-0.440243299,-1.093914062,2.933679372,4.782282885,3.966270092,3.489067196,8.268738103,-3.15253311,-2.677506485,3.851978398,18.41638057,3.767245169,0.552835588,4.963828294,-2.611324929,-7.097108204,-0.680950237,1.845494378,-3.967965926,-2.447897112,1.79446885,0.275822057,-0.07123043,-1.035569088,-0.37802453,-0.177849367,2.2409242,-0.120183331,2.555163821,0.448711284,3.864349201,-0.24816712,-3.994689074,0.810831144,1.278636946,-1.81448568,-1.878503886,-2.232887946,0.573994556,1.062720251,-0.185643823,-0.525665142,-1.280457329,-0.299658656,1.47000365,0.464656886,0.801521797,-1.185773327,-0.262248619,0.239157885,-0.946046985,0.552795041,0.909947789,0.005713701,-0.806371989,-0.515048441,2.119401791,3.653579026,2.577489125,-4.58061653,-1.090699919,0,6,0
-7.158353886,-2.083339996,-2.735311743,0.857681957,-2.382877367,2.165778493,-4.319274038,-0.403716379,5.473965176,0.966912439,-0.485495919,-0.812682633,-0.750049523,2.202911772,-1.793814696,0.425599476,-3.767917367,-4.73064079,-2.322606419,-4.146459865,0.757739764,4.967622503,-0.744081706,-0.964954877,1.382113318,7.473708277,0.257039558,2.110231517,-0.762172255,1.060515686,0.348596096,0.129269642,1.056395533,-2.299678592,-3.400379524,-0.626989502,-1.065809736,-1.38315965,-0.576419761,4.387441518,1.436268618,1.05799546,0.349768901,-2.365090383,-0.480979018,0.121915974,1.051145595,0.290824912,-0.674637691,-0.297376066,0.017674158,0.254397271,0.008243174,-0.702505455,1.315818502,-0.081877044,1.399963012,0.866582329,1.319871993,1.575745628,0.578673138,-1.118410091,-1.642925401,-0.358353214,0.276858229,0.430878345,-2.57713434,-0.457515272,0.208209267,-1.347016944,-0.33487275,0,6,0
-10.73665417,-0.605702316,-4.454379442,-0.529877045,-0.993924164,-0.205040934,2.172189817,2.130069893,5.931982673,1.574796735,0.722011481,-5.052112913,-0.4836622,14.18406175,-0.6732381,-1.45454848,3.062677519,9.568701564,-1.910420792,9.022843592,-10.51019546,-4.95120167,2.006033688,-3.20162495,0.272605406,4.118071557,1.145257734,-1.677118381,1.952198844,-0.917381148,1.714524734,0.195531836,1.854247899,-2.574998439,-1.215043527,1.396164778,1.356391771,-2.027274846,3.139059672,-3.075134541,4.577074074,-2.090726689,-6.189394009,-0.257095756,-7.392786151,2.729925537,-6.370253173,1.189350038,-2.643103354,-0.554941309,0.379932718,-1.266673075,-1.018336714,-0.481701636,1.827869571,-0.688157383,-0.504914315,-0.76867485,0.379921607,-0.725740152,-0.627451376,0.46755958,-0.093374899,-0.057155578,0.504720882,-0.021603931,0.673771405,-0.598967239,-0.118871859,-0.040810876,0.13572576,0,6,0
-10.16044078,-0.186731848,-4.549076597,-0.58548818,-1.128399029,-0.837995422,-4.229489759,-2.478333101,1.03588005,2.499641461,3.320774149,8.956491193,-2.761651939,-2.482456335,-1.056594386,0.612232446,0.145726347,1.803611963,-0.613506887,0.384260059,-0.837517228,0.440431709,-0.254499512,-0.783642703,0.963643257,0.927443789,0.501200983,0.13970312,2.19136621,-0.702869263,0.619532266,-0.101386665,-0.263135187,-0.007072286,-2.241875387,0.161440078,1.429442284,0.315110307,0.840880671,-2.194656337,5.139037762,-0.454039143,-1.899918078,0.248588638,0.404746337,0.009256337,0.99759765,-1.259559867,3.221229232,1.237798257,-0.045680824,5.447194399,7.980715509,3.041435633,-13.43889078,1.235175386,-5.044911987,3.020565403,0.385818192,-0.924977979,1.774502483,1.790995168,0.714662051,0.548150153,-0.272631984,1.814388284,0.802368626,-0.586088974,0.837611808,-0.323432821,-1.520005329,0,6,0
-1.071167232,-4.67684815,-2.161575602,-0.76415619,1.321307128,0.855019298,-0.364256039,-1.037982867,3.82195282,0.511438186,0.455035962,-2.880294787,4.347365995,-5.151478957,-5.824007058,-0.480124559,-0.120801234,-1.218426975,-1.613305099,-1.159242975,0.12246577,2.141395234,1.131942477,-1.189192344,1.221236921,4.161892187,0.100750532,3.583831899,3.32622222,4.79917528,12.63451266,9.008936212,4.224595138,0.101514477,15.4520803,5.797190223,6.625776794,4.852685757,-0.684200512,-0.650453522,0.575411223,0.894328877,0.865859862,1.833170318,1.095518531,-0.471222473,-0.484646042,-0.279028766,-1.335507914,-0.924220739,0.127870984,-0.201783737,0.220434674,-0.137773563,0.580075366,-0.026791665,-0.584838931,0.312414863,0.06816485,-0.187597547,-0.26754719,0.162317912,1.167369614,0.031627824,-0.260420708,0.404097931,1.01471366,-0.328983946,-0.046668427,0.231381061,-0.854245134,0,6,0
-19.86973042,3.663117869,-2.443423706,0.191114031,0.386813708,-4.914933354,11.60690711,3.569231442,-16.30832032,-5.835584025,-1.336503913,-1.512774719,0.192251745,-6.750647591,0.373242138,1.430631622,-3.836238149,0.30574585,-0.658456362,-0.642474383,-2.64096466,1.825066934,-0.43253464,-0.699579389,0.952091081,2.468109678,0.765060459,-2.910259513,2.20559088,-4.968420983,-5.84694859,-4.769677483,3.847377905,2.278076537,6.392763034,4.456453096,0.042626074,-1.263969055,1.976395308,7.632545679,4.403003201,4.690476174,-1.631868248,-1.594277766,0.077730066,-1.586940705,-0.797762542,-2.036657191,0.861469938,2.068325028,0.278062955,0.336199434,-0.910667683,-0.898714439,0.855970416,0.959350266,1.595699753,-1.237530063,-1.494053386,0.24147287,0.42924819,1.349457651,0.325411966,0.518548605,-0.05180394,-0.158961576,-0.010159339,-0.091976846,0.180043531,0.38779271,0.164181045,0,6,0
-4.158397259,-2.088206279,-3.138566883,-1.926994215,0.149306301,-0.083174328,-4.083113678,-1.654792836,1.108856211,-0.63219782,0.661648576,0.625927186,0.384951481,-1.74748383,0.755461765,2.201959475,0.721939182,-2.163804052,-2.590811192,0.666423282,2.957708851,4.220385463,1.065589243,0.800382006,2.6153479,2.419727916,-1.170909534,-4.014407161,12.49966352,-1.294085784,1.56230132,-2.382580461,3.198800561,-1.063613486,-1.702693961,-4.201062633,-2.331847335,0.067722563,-2.554324015,-5.21856773,-1.655940051,-3.586902833,1.766688416,0.439762894,-2.292121785,1.16507381,-0.100810347,1.725366508,0.48686547,-1.213821964,-0.019995625,2.238074208,0.283841989,-2.410084583,3.117601786,4.917331236,4.632761055,1.298221707,-4.317240562,7.251481172,7.301629318,3.227367639,0.95365242,0.448130571,1.218255365,0.565526286,-0.009402918,1.594737614,-0.481829662,1.337865973,0.922215232,0,6,0
-4.645413499,-0.358396578,-0.048931306,1.862840274,-1.741102749,2.68380507,-0.065484856,0.844330581,3.145326074,-0.247620023,0.106779212,-2.141036871,0.158228886,2.251616809,-1.38527146,0.877529914,-2.507382524,-1.321817678,-0.311600579,-1.933127591,-0.575241348,1.016680415,-0.571921098,-1.374080315,0.073370189,2.729256342,0.147113528,2.02872854,-0.965505155,0.215483763,-3.867178526,0.166765097,-0.299355772,4.183651927,1.935471042,0.651849089,1.068492888,1.612175568,0.426499686,-2.199150297,-0.040253568,-0.623170119,-0.815466193,-0.13614306,0.611998636,-0.838630018,0.198048202,-0.394157503,-1.140752968,-0.261146455,-1.088389162,-0.560775569,-0.200139532,0.616609744,0.358890515,0.490380657,-0.378121401,3.413722272,4.569554834,2.445789646,0.855063857,-0.441662727,-6.436658671,0.24507608,-0.180514524,1.1530988,-11.52142305,1.653215616,2.197871864,-3.637759161,-1.812688059,0,6,0
-7.820828351,-1.460865406,-3.098224274,1.387083286,-3.020655971,2.339442217,-5.217125422,-0.456008475,6.498194457,0.910789799,-1.100907367,-0.824720267,-1.465229775,2.822097775,-2.141635187,0.769044206,-4.911536026,-5.588274643,-2.598352524,-5.17186297,0.607047465,6.003916023,-1.582646699,-1.011101997,1.586837221,9.061234663,0.732425711,2.675817436,-1.928915982,1.679948621,0.949385257,-0.26791597,1.661919068,-3.458544028,-5.766977446,-0.964594772,-1.984196239,-2.244555993,-0.350022305,7.285991658,2.409069265,1.56738576,0.322369153,-3.075252619,-0.742681698,-0.377649548,2.015356394,0.844369078,-1.152781683,-1.289071737,0.107981477,0.941396208,0.17630014,-0.041664254,1.661415594,-1.097892373,-0.730966134,1.327403351,1.379021541,-0.142548467,-0.995654212,-5.021119985,3.868067628,-1.275961938,-2.338349663,-2.70387687,3.110266628,-1.720751036,-0.109164047,1.761522934,0.322725759,0,6,0
-16.46050807,-1.135684909,-5.63856853,-0.899457982,0.222314354,-4.176223277,9.249665249,3.518005317,-11.84414203,-2.078559214,-0.607262336,-0.145496341,-1.428703462,-2.063223081,4.748626278,-1.461011429,-4.244898378,-2.159014292,2.672432727,-2.812204955,-2.55357641,-3.43738928,1.05508043,-1.95028148,0.036266913,2.840359028,0.400316575,4.121882418,-1.474709477,6.279887358,7.264144654,7.382353761,-3.233614785,-2.15013417,-9.421162085,-6.97841986,1.50439617,1.359736725,0.700332647,-7.392646825,-3.993032208,-1.790978637,-0.593071657,1.187771313,4.448107586,-2.224899121,0.720145289,-1.702241517,-0.290568305,0.920943819,-1.153100773,-2.045434121,-1.629994101,1.317030057,1.002076837,0.377942083,0.244224475,-1.047670415,0.353823213,-0.410413082,-0.846170288,0.711348839,0.321207878,-0.151768214,0.373649965,-0.248485937,0.231183029,0.213886384,-0.090506854,-0.380749554,-0.244937562,0,6,0
2.539276185,-0.77690094,-0.831242446,-1.048200155,1.349913528,0.377795596,1.709155231,-0.986302765,-0.15977402,-0.842978662,0.088412775,-0.085918561,0.104955993,-0.376254418,1.279575322,-0.584043383,-0.177928709,0.366782261,-0.35437065,0.292465894,-0.559439017,-0.400467642,0.143783254,0.257951168,-0.420487537,-0.020345537,-0.726630852,0.828560763,1.119583291,0.991140346,0.624745104,-0.652966889,-0.533538812,0.440793643,0.060593648,-0.042460369,-0.864279912,-0.353293432,0.588930057,0.903937099,-0.803621394,-0.76583835,-1.209336768,0.276031135,0.292243662,-0.343434343,-0.052587336,-0.312700887,-0.090516588,0.408552247,0.294255714,1.049607516,-0.920576143,-0.950737078,-0.140450458,-0.021337983,0.076400359,-0.17618551,0.409785812,-0.133436086,-0.928459017,-0.162566263,-0.253365991,0.885305952,-0.648449745,0.380536509,1.023667592,-0.475506714,3.822579098,1.461372945,0.203539542,0,6,1
1.562076898,0.72232139,-0.499057914,-0.668668687,0.254085865,1.006095328,-0.95544171,0.134412909,1.228091518,-0.694568018,-1.076446797,-0.668861027,-0.534938248,-0.912045295,0.804722482,0.083322582,0.981925088,-0.561047683,-0.219850649,-0.402499085,0.290940565,-0.549354122,0.675614795,-0.682203353,0.004098026,0.700073667,-0.433025538,0.029273918,0.954807675,0.691910673,-0.601308253,0.247162878,0.009718619,0.847948584,-0.621176465,0.385644701,-1.26152237,-0.578067999,0.841454099,0.679132771,-1.925359387,0.858996266,-0.053720411,1.341570573,0.152397174,-0.579540719,-1.224316634,0.809375153,-0.445847005,0.479690782,0.084787294,0.605327225,-1.27897865,-0.638760092,-0.778049566,0.882268366,-0.887313913,-0.287590518,0.207341583,-1.321907884,-0.377558653,-0.219274265,-1.630449581,0.255364847,-2.983905174,0.808131652,1.017966688,-1.058111593,-0.560535853,0.328423572,-0.589010871,0,6,1
3.337221048,-2.108484876,-0.489822946,-1.194597099,1.584596706,1.350903463,1.523121078,-0.553616759,-0.106713125,-0.658070768,0.375084613,0.033070894,0.140034728,-0.205114637,0.629383395,-0.559118585,0.252684926,0.417669811,0.937429922,-1.317655572,-0.338180668,-0.190456321,0.81191681,0.993082006,-1.421883737,0.607048147,-1.208388418,0.431364512,1.020327356,0.122893196,1.53555021,-1.981714447,-0.099279677,0.889468993,-0.341835016,-0.215501159,-0.541286604,-0.256875001,0.081293497,2.506240082,-1.30026739,-1.477414977,-1.29354529,0.708890258,2.555887698,0.093586831,-1.769085303,1.728611054,-1.965317854,-0.511226398,3.264913735,5.268603139,-8.631269171,-4.328515898,-5.37568887,-0.447667787,-6.560905163,-10.25722043,5.006093781,6.969365018,1.022764647,-0.321832689,0.354962836,-0.944704705,0.295060384,0.490864001,-0.147433589,-0.077911702,-1.453382765,-1.2509613,0.372563399,0,6,1
5.818419061,24.35438763,-4.956318935,-9.386752896,-0.330851491,5.813131776,7.70615232,12.27273233,7.265168041,7.262696403,10.71230282,-2.966068531,0.454787354,-4.690043721,3.498355533,2.779392844,-0.791224731,-2.655317083,-0.703547572,0.124570025,-1.8930986,-0.900287388,-1.576187149,-2.580076434,0.664647101,-0.574428232,-0.089437205,1.774955575,0.439143148,-0.923777626,-3.374740699,8.466461574,6.074147141,3.45115424,-0.88725602,1.334612884,-4.700850899,-4.40548196,0.841856385,-0.636848499,-0.723704926,-1.180458017,2.775404602,-0.57357073,0.354159562,1.437642659,0.386306661,-0.343550567,-1.017079467,2.167200859,-1.562021288,1.016184387,1.404174233,-1.091385342,-0.016508124,-0.090567615,-0.574692121,-0.787597169,-0.185692019,0.008008618,0.25634878,0.191598147,0.661436215,-0.125713945,0.181522741,0.350535699,0.466456425,0.203548278,0.24870583,0.167861685,0.145738596,0,6,1
0.952317707,5.074929876,0.343881985,-1.061313404,1.286663589,1.471959169,0.852425132,-1.373828049,-0.862882447,-2.017239825,-3.404500267,2.690934072,1.279113643,1.245038599,-1.09110018,-5.059659033,6.772354795,-1.087908009,1.921909932,0.766939951,-1.482953756,1.673598091,-0.705024588,-1.145739955,-1.537356763,-1.372397283,-1.100911789,7.713799231,4.048839072,1.264589589,-2.616968996,3.073779126,-2.722913311,2.98172808,0.314507609,-1.69437083,1.198746684,0.728658389,0.830172799,1.531013353,-9.669543761,7.235488967,-3.893569893,-5.024874496,-12.31541845,-7.425635999,3.177499401,-2.73078733,0.550433361,-2.173376275,0.977207147,-0.357049051,0.494886899,-0.529695519,-2.230436204,0.062684413,0.393608507,0.53535225,-0.285073079,1.724503145,0.064082618,-0.531620141,1.780684015,0.015330412,0.394284934,0.532972769,0.560168345,0.647405092,0.339819379,-1.266757342,0.409927269,0,6,1
5.210974826,-3.515820446,-1.910983344,-4.460227851,6.777737599,3.477881333,7.25915542,2.08351313,3.356198195,-16.89665815,4.757796962,8.122580543,-3.433508728,8.912066346,-8.761538622,16.98853082,-1.479685497,-2.869003867,11.38081307,0.015617141,-1.850065657,0.806254594,6.21881998,4.23168317,-2.496288618,-0.117557381,-2.435431791,2.923906144,-0.063068577,-0.601815578,-1.096710305,0.794680924,0.785218527,-1.571201256,0.539520172,-0.935283115,0.067473253,0.710812628,0.387084871,-0.358228173,1.277928957,0.645515125,1.024748558,0.442011918,0.07132456,0.154900109,0.720776923,0.586313465,0.632133212,0.224267456,0.024969626,0.181632978,0.612212692,0.547706837,0.508034463,-0.19627779,0.644972256,0.304161614,-0.435953909,-0.396835805,-0.027606623,0.150696601,0.227842948,0.260254187,0.032604729,-0.325235332,0.322704233,-0.022941328,-0.452534585,-0.068310411,-0.105816478,0,6,1
1.540036935,12.18733477,-3.8269572,-1.669617494,-2.45446058,-2.650114365,-5.237558508,-4.830902148,3.740824526,-6.58049856,-8.946684873,0.09153671,9.658737986,-0.873775209,5.534128346,3.247090692,-13.51000812,0.667982189,-6.116041908,3.625599964,-6.125957311,-0.02364104,3.225148633,9.918273551,1.671393432,-4.811236589,0.656628323,-2.610914881,-5.026904781,1.233002224,2.723844143,-0.502432653,-1.721588,0.306665373,1.358706312,-0.871447964,1.224893722,-1.455488613,0.095168934,-2.046197138,-1.093152122,0.444186252,-1.204750421,-1.668446063,-1.331152809,-2.432601221,0.410976174,-0.772548735,4.097803914,-0.747631177,-0.798252245,5.141811218,3.707838303,-1.329310588,4.118997852,1.542099217,-2.535130188,-1.663079105,0.555221599,0.453980666,-1.227680394,0.266682067,-0.756638891,0.145396417,0.21295175,-0.594862917,-0.163600035,-0.451183625,-0.010524643,0.062650821,-0.334110585,0,6,1
1.953889351,5.662589268,-2.187105725,-3.189118292,-0.475770603,1.757378539,-8.663735194,-4.178108519,-5.921359949,-0.765056575,4.375495558,-1.642646932,0.312070822,0.865885441,-0.259045087,1.359040736,0.319993296,-0.512829809,-0.988149425,0.895012619,-1.702051599,1.22393519,1.2476309,3.091166475,-0.314752139,-0.865816769,-2.272973349,-1.395273002,8.112516823,-1.229976416,-3.423619035,6.854263867,-11.08451483,1.846714825,-8.734742523,12.93641716,9.434746535,1.518734986,-0.117062842,3.041389754,1.225954345,0.038109234,1.551109073,-0.788429621,2.882459521,1.980004865,-1.330259385,1.179362196,-0.642813179,-0.570238335,-0.225155021,-1.004020803,-1.383984084,0.597722122,1.086138644,0.262066546,1.355410559,-0.059384396,-0.581316191,0.304413465,-0.548653294,-0.323880765,0.472695917,-0.247288578,0.606513711,-0.098390546,-0.114593997,-0.124194644,-0.244657517,-0.145083424,-0.021925509,0,6,1
-0.366153401,15.97926101,-4.642521245,-2.604583037,-3.829191688,-1.832478731,-4.937399441,-2.632145675,4.01170861,-8.414789061,-19.44996609,2.776835096,-0.696976212,-6.171252691,0.659461554,6.436934649,11.91456574,1.109628905,4.16590974,-1.857798668,0.271812075,-6.100448869,-2.362773392,-10.23098775,2.690160605,1.879123007,4.660059411,1.6487145,-0.021852925,3.519492706,0.814153076,-3.204794149,-1.435069162,-1.720199262,-0.379086109,2.410961829,-1.509819349,0.501500021,-1.366845646,0.52070606,1.457059644,-1.342534448,1.543248429,0.41177798,2.236505995,1.835333347,-1.228372077,0.797285678,-0.654619108,0.493314623,-0.523223507,-0.870560247,-0.591104281,-0.00590387,0.056680663,-0.488146261,0.569993664,-0.16591192,-0.103585557,0.125584747,0.124760031,0.255376989,-0.297807316,0.073673255,0.280356535,-0.098113595,-0.301994709,0.075073553,-0.029641663,-0.072171081,-0.199018113,0,6,1
-0.687547571,-0.683726682,1.267534573,1.606284903,-1.22910826,1.276436046,-1.844151907,0.150182541,1.026489543,-0.65193549,-0.609797911,-1.22432449,-1.359554946,0.581217859,-0.19780835,-0.627562381,-1.100846244,-1.89927363,-0.378230478,-0.133169085,-0.387673412,1.107120894,-0.111977529,-0.224704673,-0.193813978,1.925583308,-0.671100668,0.104874129,-0.574696736,0.490189195,-1.283056934,-0.234381451,-1.420906306,0.858774262,-0.644254026,0.485379187,-1.115062516,-1.130580095,1.939522185,1.198172806,-1.817019058,2.104962134,-0.009372242,5.245181728,-0.112803115,-0.598233155,-1.483703486,0.725875668,-0.105584767,-0.866113235,-0.90715943,-1.412680512,0.272701201,-0.38974103,0.909178042,0.448526601,-2.825824689,1.756795796,0.882749084,-0.67054075,-1.510582107,5.772857988,-4.024867072,2.834471566,-9.015533021,4.374647778,2.429950006,6.699408663,-4.466078992,3.392629624,0.850042917,0,6,1
4.617399723,-3.856828051,-1.237165108,-0.75310505,2.022747901,-0.415751239,1.313869076,-0.22596168,-0.188204658,1.236638468,0.415282295,-0.236925736,0.157165762,-1.223050912,2.464895357,-0.164179189,0.414661048,1.217321861,0.287474982,-0.240453343,0.705748397,0.287108807,0.357330524,0.306712804,-0.674745424,1.422174714,1.926537515,-0.183289112,0.207357696,-0.775770727,1.300416595,-1.290418273,-0.386807109,1.031033612,-0.323113361,0.614071858,-1.766733634,-0.569973373,2.7400158,-0.095079083,-0.639558945,-1.242211094,2.005988079,-4.882746323,1.793397374,-0.097240969,-3.856938297,-2.925960667,0.644615278,-1.875531576,0.968686212,-2.568942682,1.303313774,-1.758206849,-0.27799385,1.656309663,-1.388647503,1.632208654,1.171421284,-0.424656475,0.267405075,-3.170669601,1.220679478,14.12790291,2.492986644,-3.625088884,-0.219943233,0.396180493,-4.020133538,-2.0432103,-1.933370668,1,6,1
5.74997426,2.57301803,-0.78804336,19.54085307,-10.23733335,-17.69370833,-4.211795625,13.27135933,1.577025885,-10.88304312,10.52560009,1.878142221,2.225475401,0.084772402,0.044692814,-1.016605767,8.850719863,-1.88440774,-8.653683259,-6.505953605,-3.171734757,-1.485818712,4.728440879,1.401398286,-1.215189438,-0.303915956,0.535241196,-0.573930615,-0.445867337,0.301046672,0.47678816,-0.093614045,-0.202054098,0.405418522,0.134083757,-0.88237829,0.182765155,0.5132744,-0.045595586,0.338041977,-0.633554407,-0.264212712,-0.075976395,-0.423122748,0.293877096,0.457209521,-0.213266709,0.559417112,0.230097175,-0.175266151,0.283581058,0.13635757,0.094096998,0.148410047,-0.10942216,-0.025905214,0.075868851,-0.092877605,0.070972531,-0.054144211,0.034791278,-0.016316624,0.239817229,-0.038626076,0.360072588,-0.174556923,0.036467196,-0.036046652,0.085580611,-0.015023665,-0.142682744,1,6,1
7.587299819,-2.678143297,-0.854349261,2.431258901,-0.485623066,-4.369809109,1.384825614,6.405426567,-10.1159727,18.95819198,-9.691218657,6.855254791,5.243702901,7.673370239,-5.875073984,13.64712344,0.094613528,-4.537822432,-6.828903252,-2.364103449,-3.74063012,-1.5931926,-1.753739366,-3.700359128,1.095474695,-2.908838524,-9.613682402,-0.190506087,0.231247456,0.272436483,0.624354116,-0.795568892,1.184556964,-1.729073298,0.086358036,0.325544007,0.826964158,-0.098356919,-0.644908392,1.349818921,-1.82529057,-0.768500633,-0.698142009,0.328938242,-0.055511173,-0.893439859,-1.213951711,-0.204011208,0.465162903,0.138114455,-0.279305862,0.014653698,0.134566134,0.281884322,-0.020988527,-0.003522495,-0.135902352,0.247281937,0.202676942,-0.11157772,0.267984976,-0.169574806,-0.166176142,0.34834519,0.200189914,0.406251589,-0.036183644,-0.017454399,0.21051459,0.149062441,-0.384405567,1,6,1
4.418583004,-2.407008554,-0.679719433,0.887933464,0.824853114,-1.974690068,1.093312629,-0.1238563,-1.329555567,2.506949692,-0.35770423,0.967275565,0.770788732,-0.738715866,-1.68242313,-1.098050868,0.89155798,-0.773122406,0.468982077,1.338202757,1.011357944,-1.946760922,-0.345529119,0.360158329,2.037384612,-0.783243803,0.181361026,-2.369661685,-0.036234836,3.244245979,1.191808161,-0.640962156,-1.876764568,1.596014952,-1.163891357,2.231237,-4.775150803,-2.147132283,7.069529415,-7.060817507,8.02178741,8.456944596,0.449149919,-1.484142499,-0.44532807,2.548737824,10.05815702,1.32296867,-1.690604987,-2.933728808,2.048912387,1.299198618,-3.19724427,-0.37466447,1.517797934,-0.498012117,1.125011338,-0.399891394,-1.048255292,1.873901254,-2.083147191,-1.844897317,-0.501164947,0.34577647,1.829668427,3.404462715,0.369981599,0.966286596,0.794731699,2.423966428,-6.241979738,1,6,1
4.773719274,-7.033976721,-1.796754495,-3.41639988,5.125296412,1.054232535,2.589878958,-0.178476523,0.810808774,-6.38835244,0.959669521,0.151406204,-1.181838813,-2.473029029,5.477213342,4.21713888,2.283655631,5.355456941,-10.08961901,-1.801584752,-0.431084694,-5.205730502,-21.35968575,6.632473752,-6.146225394,5.263872971,-2.493820748,2.597611268,0.276561344,-1.153942296,-3.987468384,2.621342797,-1.259879454,-6.413253848,1.520310274,-0.837006342,-0.268502283,2.647897062,0.370358233,-1.531383533,1.111606143,0.456875535,0.843315691,0.528558669,-0.549667911,-0.390601546,0.598055419,0.485496144,0.202869292,0.046693374,-0.197019302,0.258994276,0.663027736,0.283227164,0.468594084,-0.149347115,0.110373182,-0.187738745,-0.041014146,0.062335265,-0.057989963,0.285858212,-0.160430111,-0.650849728,-0.019381916,-0.090241804,-0.018647534,-0.072128194,-0.413588289,-0.283696413,-0.029830808,1,6,1
5.728855537,8.364405529,-2.177063337,7.847450954,-1.689316861,-14.06821575,15.76319514,-26.7004559,4.355784617,3.844519614,6.71434673,-0.451005915,1.8333341,3.454554773,1.691931431,1.678759561,-1.433020947,-3.825146993,0.775138237,-0.962105077,2.549224008,-0.511102348,-1.534577262,-3.288974426,-0.135836438,1.328892262,0.600225043,-0.693959037,0.075208815,-0.186612711,-1.002435121,0.637278139,0.57386874,-1.661281028,-0.175598214,0.386260352,-0.571124512,1.137190125,-0.977681786,0.56447458,-0.13432884,-0.013053881,-1.301451812,0.433228417,0.348980572,0.46846359,-1.426339214,0.934978926,0.530060426,0.367630369,0.307222222,-0.977168859,0.269743611,0.532596474,-0.047632106,0.385764557,0.91260763,0.295640628,0.119058111,0.679216095,-0.791636139,-0.915458287,0.457049145,0.481254193,0.135599769,2.769692184,0.281301443,-0.063714851,0.383212479,-0.139808667,1.250010577,1,6,1
2.130577775,3.46652724,1.126498858,6.11559221,-3.790592006,2.925267385,1.39843034,-1.718507198,-0.907506936,1.104619015,-6.174080225,-5.453830512,-20.25510666,-3.102014832,-5.712077711,1.448706676,-0.889870174,3.874591311,-4.729878731,1.05070462,1.202463896,4.161745489,2.649266926,4.374615816,-0.050888209,-4.834086792,-1.934765711,-0.534735165,-0.592789738,1.168231066,-0.96302433,4.113508387,1.444588118,-1.84921034,0.740769233,-2.332232666,-1.825859819,2.881877691,-1.87685411,-2.589275678,-3.025778729,7.738667656,-4.630099979,-5.953275558,3.96600891,5.352175845,-4.828286332,3.01985837,-2.036616646,2.002435402,-1.185019451,1.022697486,1.359043963,-0.264866367,-0.302802477,0.0589679,0.154715585,-0.021437184,-0.135509997,0.189950543,0.21392543,0.007326833,0.575191064,-0.172443263,0.070288854,-0.279092551,-0.252984678,0.089227539,-0.173454492,0.22805256,-0.018174793,1,6,1
5.193986561,-0.64306593,-0.35022163,4.96175364,-1.888939326,-3.712871385,-1.038188652,3.260851634,-2.327856969,2.963208418,-1.08343629,0.911640551,-0.657309368,0.059632849,-0.171270263,-2.396588575,1.164393388,0.200156196,8.325271299,5.371233119,3.731615389,-6.203057423,-2.540838744,11.094182,21.30493975,6.803471602,0.445765782,4.247350167,-2.35036922,-4.508581406,-3.340928798,2.099477083,2.06794298,-1.561822386,0.14362666,-0.473688514,2.17993151,1.17934431,-1.31265699,0.870896404,-1.65262609,-0.722983274,-0.271112175,1.568665177,-0.31281453,1.171119004,-1.007494857,-1.166079914,1.002534887,-0.029433985,-0.398121543,0.235017524,-0.71555285,-0.069971009,-0.328460717,-0.052954591,0.180349234,0.111453844,0.337283853,0.515946442,-0.055308002,-0.4858115,0.463781319,-0.000493816,0.302537066,0.449046558,0.031235435,0.032636896,0.092843474,0.336639591,-0.459870414,1,6,1
3.415518194,-2.514531133,-0.527105587,-0.73191148,0.752175942,0.110908499,-0.011464131,-0.097416521,-1.398519206,-0.031012369,0.547540555,-0.616423578,-0.298240849,-0.102445387,0.765067589,-0.155038704,0.463325414,0.881665999,1.178873408,-0.484489573,0.48549789,-0.084616641,0.51899858,0.498490202,-0.541583328,0.523253627,0.270812419,-0.423433184,0.311348888,-0.057598739,0.602554899,-0.943921729,-0.775216876,0.622773055,0.782348729,0.360522896,-2.002016054,-0.537089802,2.023199024,1.091993998,-1.285858392,-1.265296196,1.043012567,-1.964555187,0.666099036,-0.76312001,-2.136919783,-2.426676931,-2.515717647,-0.361178121,1.767159085,2.732701752,0.925472333,3.352139496,0.839141239,-1.525949969,0.246294005,-1.00913756,-0.504125482,0.611231956,-0.347362672,0.459835451,0.077327159,0.092736752,0.248343323,0.914276348,0.92341017,0.132487997,0.87343239,1.306800313,-0.37164568,1,6,1
1.708942108,3.801428728,-0.104071782,5.115674173,-3.0620471,1.654185543,2.849519737,-1.22136091,-0.572665398,0.815998975,-3.730277414,-4.633058466,-15.28488306,-1.795439482,-3.205280235,1.351587452,-0.690542571,3.840885554,-3.981257799,1.443306163,-0.575143943,2.385608826,1.200301402,0.727637722,-0.536550098,-2.347395985,-0.403711436,1.485834924,-1.11576555,0.518017381,-0.111142115,2.425123069,1.488331307,2.232012139,-0.563247906,0.615354766,0.571883763,-1.688848415,0.539809422,1.554902649,3.460619033,-8.150033895,3.546082796,6.846058069,-3.482621401,-5.031805172,4.162370571,-2.919325368,7.518978627,-5.538918744,7.040692735,-1.853429856,-1.890424793,2.816170593,0.812908192,0.746979771,0.515559679,-0.754168384,0.387839589,0.11417385,0.212509288,-1.142825652,0.705533046,-0.123884235,0.607805485,0.343675435,-0.54163662,-0.104155357,-1.039008291,-0.189481112,0.325394215,1,6,1
0.846338469,-3.01160727,0.836391711,-0.702371802,0.96321808,0.331652361,-0.375960298,-0.052696897,0.403594838,0.347177326,0.217792802,-0.135273277,0.550425227,-0.551389535,1.201395657,-1.023049664,1.008390674,-0.963756752,1.156757406,-0.113717893,-0.261465463,-0.832028578,-0.052301266,0.61845242,0.859264096,-1.456379639,-0.387760783,-0.945287582,0.87457136,2.492956008,-0.516584997,-0.1862959,0.19161001,0.966094283,0.505709271,-0.178353407,-0.99804804,0.19424023,-0.29263031,0.428390134,1.40422781,0.423267588,-0.410773293,-0.897871848,-0.767558321,0.452391638,0.515049126,0.680459419,0.792753403,1.117736188,-1.314271249,-1.490800169,-1.157537621,3.248255462,1.340720161,2.508796945,-2.728754303,-1.190583051,-0.74546604,-2.426824243,2.879868123,-1.512578259,-0.379149643,-0.535471481,0.746826891,0.807059907,0.117219711,-0.387378805,-0.04042568,-0.686230346,0.262857546,0,6,1
-0.986483824,-0.889411169,4.043578792,2.380536661,-0.800626853,3.077530298,-1.231007514,0.069159964,-0.14240257,0.588392506,0.619173013,0.67508713,1.033813196,-0.276711629,-0.000661026,-0.966967595,0.276826353,-1.734844336,0.858719269,-0.250370579,-0.071146303,1.640552911,0.091094422,0.592760819,-0.254668987,0.363106022,0.111227994,-0.137886194,-0.272276511,-0.006782067,0.174185251,-0.401955823,-0.533302454,-2.794060007,0.514158569,2.764866329,-2.558113205,-2.397167607,-1.790091783,-3.34602344,-1.464799024,-0.63256754,0.635079429,-0.271691968,-1.274844911,0.808515943,-0.214426774,-0.165794189,1.92547784,1.718058104,0.367326947,-1.190381124,0.072553845,-0.00603959,-1.603582492,1.182806046,4.649135064,-5.114952428,-4.17151346,0.188461821,-0.926791585,0.771466834,-3.391872401,2.264226887,-6.811822588,1.734250751,0.84579086,-9.887466153,-0.166741091,-4.935115998,-2.186218442,0,6,1
2.375693814,-3.160548287,0.792209669,-0.431200159,1.252740365,0.993973093,0.059421248,-0.087417232,-0.020842382,-0.216609103,-0.015554892,-0.432557487,-0.235543548,-1.139108867,1.875743447,-0.319626768,0.491151763,-0.592172478,-0.1554183,0.793582332,-0.186106119,-0.781173583,0.736056902,-0.280054847,0.125376633,-0.488724168,0.670927652,-0.311120169,0.29123274,0.808302091,0.103934002,-0.067260485,-0.322334318,1.706763862,0.185772393,-0.509625306,0.515017432,-1.061326468,-0.109500254,0.696296418,0.283052324,-0.491683892,-0.805675772,-0.87323785,0.089053605,-0.922335639,0.029914107,1.81702147,0.345365205,1.12604412,-0.262425541,-0.81798518,-0.564851303,1.442877697,0.548675166,0.517981684,-1.366263095,0.771084176,-0.639180572,-0.547394393,1.481986015,-0.674614752,-0.547362917,0.950297872,-0.634648678,-0.182420043,0.883426969,-0.240056234,3.357178788,1.464496366,1.029716466,0,6,1
-2.912176674,2.18796657,9.014258698,5.984155735,-4.007116875,8.954201017,1.100307149,-0.690146076,0.139562965,-0.556218687,1.293272179,0.737642461,3.150694486,-0.022607634,1.182229259,2.555946224,-2.486188202,3.257597194,-0.711109961,-1.430944686,2.434616736,-1.416533066,0.483166744,-0.843474936,0.467733032,-0.185098137,-0.055942633,0.350265196,-0.15148559,1.169920586,-0.844659975,0.062042018,-0.59281238,1.337625388,0.165813921,-1.075822742,0.204362892,1.34205695,-0.369579583,1.112247638,0.41057786,0.880885564,0.53808291,0.399050867,0.038495168,0.510923863,0.104586164,-1.862202853,-1.564138626,0.443527993,-0.417136939,-2.368197835,0.049140957,0.53460853,-0.735394447,1.303188254,1.300516071,3.467520055,6.217181675,3.55887523,0.218058684,1.677125497,-8.703296079,-0.692229415,6.435840334,-0.437803865,7.822328918,-2.315391557,0.158564812,-0.122716782,1.605170397,0,6,1
2.215040649,-3.633963516,-0.689953528,-0.893915376,1.404297381,0.321181673,-0.237585789,0.049055417,0.467148222,0.025384084,0.305895604,-0.442022284,0.126049196,-1.46065013,1.490079209,-0.388656307,0.433167172,0.194591688,0.591563912,0.131239711,-0.033496233,-0.030895756,0.734793559,-0.303310645,0.163945091,-0.538457303,-0.00026626,-0.435098151,0.364115623,0.563853775,-0.251692312,-0.094780788,-0.98532617,0.22491776,0.853486926,-0.176331472,-0.79759587,-0.997823489,0.303092097,0.019036711,-0.583952006,-0.852520546,-0.357146776,-0.78411828,0.16711553,0.227330833,0.022583461,0.410554047,0.63348629,0.134788548,-0.332375389,-0.457784345,-0.929829435,0.179658318,0.575633084,-0.424226492,-0.065786887,0.534249268,0.213842763,-0.753717386,0.451792999,0.188227143,-0.220190735,1.368048363,-0.705528776,-0.768360469,0.221874838,-0.836121019,2.975595618,1.263686537,0.662808518,0,6,1
2.696643196,-3.833130813,0.505732841,-1.254800053,1.402937702,0.871266544,0.418628157,-0.137160682,0.278126957,-0.855960789,0.360839005,-0.283630407,0.269425686,-1.014017929,2.025976935,-0.277481666,0.664318035,0.406721549,0.071245651,-0.29065947,-0.230044445,-0.381353575,0.565867907,-0.369277105,0.203300484,-0.943104559,-0.483402816,-0.328033121,0.098939067,1.048555339,0.048498971,-0.399593289,1.068856576,0.559329928,-0.749886748,0.459775872,-0.819930275,1.262396028,0.358373973,0.89591477,-0.092057783,-0.470986298,-1.04785926,-0.189098893,0.581574262,-0.323711745,-0.741373524,0.84512535,0.909057464,-0.373548596,-0.612086264,1.689940339,-2.085309526,-0.613773723,-0.521711462,1.022104815,0.128746406,0.613351189,0.378421559,-1.99935245,-0.634952435,-0.729439546,-0.235091002,0.499367776,0.725540607,0.134226204,-0.252305479,-0.533331972,3.272150069,1.012578897,2.809143431,0,6,1
1.506934311,-3.175082393,2.506050608,-0.998631145,0.615916767,1.156233894,-0.103221714,0.327329444,-0.15600456,0.708511693,0.142929425,-0.031955088,1.706693243,-0.448418661,1.812075255,-1.777554293,-0.104526173,0.028194512,1.135119333,-1.09819479,-0.315456154,-1.274422492,1.001787572,1.345547103,0.442288202,-2.86753302,-1.158700656,-1.402865061,0.080444004,5.239977516,-0.07917241,-0.669421239,-0.483691698,-0.606290121,0.95336607,0.304970829,-2.717944302,0.073293638,-2.914841047,1.847520115,3.211930124,-0.080695548,1.814656358,-0.23389646,-4.419371319,3.703641818,0.300162065,0.804581795,1.720901083,5.350675328,-2.048536502,-5.356913796,2.453897414,5.95681913,-1.186752367,7.200213658,2.839394414,-3.232242336,7.12712403,3.611671845,-4.76023301,3.213648848,6.522053862,-0.885788444,-0.600474578,-2.413268866,-2.184086537,1.21072344,-0.642121519,0.939764499,-0.577934984,0,6,1
0.693805039,-2.313348624,2.047353875,1.006744804,-0.328414007,1.648654586,-1.236854422,0.260507566,0.197041475,0.145468135,0.018672671,-0.438992872,-0.924654147,-0.592521775,0.516561049,-0.909520255,-0.073666529,-3.067749458,0.498521465,0.925741865,0.137783818,-0.843520691,-0.07341374,0.432732769,-0.03675941,-0.411554752,-0.264865775,-0.131389391,0.538310232,1.577786566,-0.587950954,-0.245357411,-0.590434886,0.142393544,0.305155499,-0.005252784,-0.430390369,-0.715546249,0.441569658,0.171895633,-0.759912649,0.039207712,0.067626655,-0.669838617,-1.191783889,0.952908035,0.396046616,0.689584277,0.728668579,1.763536726,-0.487550159,-2.260263961,-0.628951604,2.670245662,1.64920303,2.156357067,-2.034432118,-1.471581479,0.057565258,-0.61871016,0.12327549,1.192316342,-1.903428315,1.506687395,-2.611191773,1.395860885,0.107089674,-0.988285082,4.198730413,-0.155806178,1.008814771,0,6,1
2.368882721,-4.068095981,4.974504409,-5.222075634,-2.568452851,-2.401005708,-0.617308531,0.543152033,0.162313657,1.32382231,0.126136327,-0.738559538,0.180012656,-0.350887844,1.501557998,-1.706684106,0.682349719,-1.448048832,1.776030663,-0.736782327,0.240827045,-0.953877313,1.964499158,1.676285713,-2.253252834,-2.614083204,4.626573301,-3.573206834,0.592556641,14.39975008,-9.92528417,-2.36915132,11.74628146,-8.250665564,-2.185081471,2.184137742,10.34045358,-2.881295944,2.44546202,-1.316407972,-2.247506113,1.245760908,0.410591358,1.457819772,1.340790435,-0.51572475,-0.231382109,-2.647025812,-0.166980711,-1.228139755,1.075632708,0.955770319,0.796625679,-1.501782739,-0.5555604,-1.188790883,0.35725546,0.768131931,-0.167458975,0.754768447,-0.252235136,-0.119860167,0.135236145,-0.023184214,0.331181123,-0.102800226,-0.120583817,0.167802379,-0.236819448,-0.105159255,0.011750779,0,6,1
-7.94706604,9.544020537,21.45582882,0.442433304,27.14308652,-14.16773192,-8.191421935,2.600327237,3.61486415,2.671269915,-0.177501313,-2.574837353,-4.081889487,0.459016604,-0.464002778,0.964213954,-3.95346525,0.800753044,-1.225785693,-1.733950851,4.232691347,-6.218595989,3.234785589,-0.794947346,-1.877599093,2.179544941,-0.80916844,2.451934458,0.556881908,-0.665428676,0.264143999,-0.115358256,-0.255505611,-0.4021592,-0.049170837,0.526713736,-0.326802747,-0.124219429,-0.401616347,0.029186869,0.146207387,-0.076382062,-0.695093068,-0.044854709,-0.119047743,-0.155268581,0.086007096,-0.173180728,0.193477709,-0.211105798,0.1112433,0.441630519,0.16277479,-0.285417018,0.252704706,-0.037143256,-0.034557325,0.053850959,-0.164073264,0.102354808,0.164017347,-0.08724772,0.189281604,-0.054951621,0.27914446,-0.060099669,-0.096181675,0.087489704,0.079980312,-0.004909982,-0.038664166,0,6,1
-8.648662568,0.249066256,-4.380319227,-1.889471896,-0.292745654,-0.732337766,0.697726071,1.426737047,2.144490905,1.28237832,-0.051372667,-1.06145468,1.799283006,3.181547954,2.316094622,1.05771118,4.739898383,-1.056310886,-0.689972551,2.275935091,8.39081829,0.793687901,0.545007506,2.221271181,-1.671101271,-3.98496104,-0.551507592,0.706748496,-1.701529928,-0.880694675,0.189059622,0.456145316,-0.717799577,0.334034166,0.886767493,-0.096241795,0.899047801,0.432582189,0.555998715,-0.086233578,-1.170695313,0.671435262,-0.226452975,-0.107851721,0.058998032,-1.041309466,0.59583451,-0.42450859,0.06963157,-0.125985789,-0.051333386,-0.494702361,-0.435137895,0.570456949,-0.92898977,-0.424959314,-0.490796569,0.017095952,0.52073268,-1.00051183,0.03420769,0.187404987,-1.765728134,0.004163984,1.708420749,0.575000239,-4.710636332,-7.478447239,-5.676311714,9.980139884,1.984150732,0,6,0
-3.755195643,-1.745503042,-1.932213841,0.476375255,-1.238152523,1.984865173,-2.829182159,-0.440907221,3.345661182,1.839876936,-0.178347744,-0.928239001,-0.701786997,2.036157827,-2.011909147,-1.857029356,-1.570585443,-2.464850521,0.975915855,-4.397698001,-0.176206028,0.006102251,-1.040438667,0.488920199,0.063179699,1.1497069,-0.276353699,0.276681515,-1.728965328,1.069668796,-1.358404623,-1.058599604,-0.697697192,0.297016047,0.329133122,0.008622188,-0.695965958,0.957267484,-1.356807073,1.062858208,-0.692562497,0.329877187,2.042340826,-0.744269248,-1.314872788,1.564627749,1.309749593,1.084917736,0.135723391,-0.840061515,0.482932425,0.835477163,-0.531829489,0.237904927,0.109087391,-0.488194249,-1.049479843,-4.029242771,-3.908452064,-5.494282708,-1.686617484,7.622704227,1.638209904,2.316066827,8.002333166,3.47732192,-0.92946082,0.279329158,0.328520961,-1.655674828,2.685532318,0,6,0
-8.145796839,-1.638728395,-2.931009235,-0.686515285,0.658344914,-1.04919415,1.354460521,-0.005499424,5.831601722,2.219928591,0.267120366,-4.971494037,0.779640626,11.51873721,-0.502953325,-2.353590565,5.198409362,6.545182913,-1.311811704,8.030121257,-5.684669609,-2.751048037,1.363434341,-0.183658393,-0.236484928,0.368324218,-0.909107695,-3.055869909,-0.434147408,0.408768495,-1.094959618,-1.129377829,-0.999123229,0.000547096,2.240305276,0.175811257,-2.584977946,1.931376243,-4.925472499,3.516018412,-5.52555234,4.464537001,7.586436634,-0.287200772,10.76551873,-3.807815882,7.20244264,-1.876254973,2.396328901,1.505729074,-0.900710817,0.452751718,0.467369632,0.442220175,-1.166480943,1.408547487,1.04814209,0.551681583,-0.691113035,1.596895101,1.00782751,-0.621807406,0.89980447,-0.154434474,-0.742436807,-0.350930268,0.819137232,0.776545114,0.540179325,-1.066354482,-0.031060509,0,6,0
-11.35872257,-0.74172974,-6.31170969,-1.51444195,-0.960688764,-1.588417535,-8.826417138,-5.142520687,3.274506841,7.041253094,9.108529342,22.92028737,-5.573393995,-8.746401007,-3.632545481,-1.092677631,-0.509263364,5.212140009,1.033564157,2.283692929,-3.850557853,-3.722549583,-0.877366219,0.635212743,-2.102541462,-3.948277209,1.053965448,0.522245311,-5.578609449,-0.211647008,-0.879364451,-0.108374319,0.46840118,0.48723161,2.384074526,0.265365284,-0.537867648,-0.580066514,0.484775108,1.497036818,-2.766908124,-0.347557053,-0.07885458,0.362026766,0.445821509,-0.610576437,-1.030985837,0.525733529,-1.590402844,-0.467355562,-0.13474704,-1.88494101,-3.133929713,-1.16854222,5.327116161,0.284655241,1.76679739,-0.363842052,0.47998021,1.159095003,-0.116805773,-0.751256116,0.022156309,-0.165294371,-0.237750029,-0.36033909,-0.153496779,0.26369073,-0.13695026,0.089304511,0.121937834,0,6,0
-3.031518284,-4.554974371,-1.370353069,0.673530906,2.399456833,0.299983326,3.923837127,-1.364737832,3.891621518,-0.008635437,1.33696716,-10.6526379,12.14689821,-13.85435597,-23.6113364,0.567213275,1.831307309,2.646448384,-1.637709688,2.790982649,0.140497958,-3.772240374,-0.731785504,0.521581161,-0.609856782,-3.467123932,0.581931872,0.092135829,-2.748473684,-2.034319976,-1.701090587,-1.040139102,-1.324423897,-0.988929185,-6.635011962,-3.073080609,0.646113353,-1.050193575,0.922222489,0.241472389,-0.727392142,-1.273515706,0.216176136,-0.528488574,-0.368519984,0.12953333,-0.562022973,0.174441352,0.407334105,0.1236727,-0.154765496,0.046518543,0.561672547,0.062322451,-0.336256855,0.278094709,-0.07224186,0.126205651,-0.11340332,0.170713519,0.30004768,-0.050611225,0.237714833,-0.10000893,-0.521187244,-0.377095398,-0.141280879,0.028941989,-0.066734237,-0.131346884,0.506370116,0,6,0
-10.79506558,-1.506670195,-3.767671541,-1.224001665,-0.075316868,-2.632362199,5.663693438,2.736267766,-6.735249336,-0.535069018,-0.80303474,-2.306111499,0.488791438,0.845060115,2.440519809,-1.866453641,0.054169321,-0.336240354,2.725911731,-0.29148589,3.542945916,-2.315799959,0.832381029,2.629020842,-2.67530348,-3.545121523,-1.54644698,-0.490654982,-4.982483335,2.056826818,0.13616734,-1.036901036,-2.288440644,-1.370189133,2.821009237,5.251563859,-2.210367041,-0.760621788,-4.000638001,-0.009421594,-5.288818309,-3.96544821,6.804208966,-0.288499816,-6.361328333,8.374016805,0.961923245,9.043369984,-1.439621362,-5.091651516,1.190403436,2.468291812,3.054198719,-0.994034861,-1.052425154,-1.844847282,-1.664629217,3.813189273,1.361477351,0.880768623,1.075542353,-3.786429229,-0.172586791,-0.354613037,-0.74111497,0.843185692,1.047657256,0.891701225,0.194765077,-1.361109882,0.214494052,0,6,0
-5.438444295,0.772348947,-2.133440552,-1.351154293,0.471866831,-0.975119485,-2.402005691,-2.155101852,-0.25636493,-1.013845576,0.924237946,1.852949214,0.396819336,-3.945632984,0.035525667,2.831456836,0.906675361,-0.587639944,-2.617883522,2.925021719,2.406818507,2.595366104,1.402047218,0.969708925,2.452138989,0.415731198,-1.750770835,-5.549900627,14.83985892,-3.189146668,-2.048205982,-3.479613648,3.549478371,1.249794845,0.427983662,-4.452755275,-1.692769949,1.730738159,-3.387500572,-4.549647449,-2.648306593,-0.133307998,2.452205011,1.710208174,-0.560840717,-0.418062026,1.472759202,0.152270799,-0.739671864,-1.272072377,-0.700190915,-2.876596507,0.676187651,0.834418439,1.151572187,-5.855519349,-3.62961957,-2.005774032,4.22658806,-4.957547577,-7.535490252,-3.191266371,-0.95767628,-0.949336155,-0.140541929,-1.27241926,0.182074986,-0.187916703,0.018251538,-1.361083306,-0.473636181,0,6,0
-5.280322012,-1.301432148,-1.789705575,1.883006383,-2.029110593,2.145595792,-1.788632176,0.587085436,3.76826264,1.597790502,-1.705490919,-2.417631206,0.77805305,3.898204213,-1.986966592,-0.267657898,-3.301181735,-2.248445221,0.974612405,-5.869260641,0.045827381,-0.391856828,-2.19095527,-2.206892466,-0.445393278,2.602888921,-1.15022154,1.733560687,-3.586930117,1.900181029,-11.20578848,-3.742939216,-3.514946476,12.71474346,4.510573371,-0.595543931,3.070497703,6.548470004,0.66772937,-9.862640748,0.125087118,-3.394500151,-1.451057562,0.649567305,1.81707079,0.710940169,-1.536555991,-0.66412837,0.18210308,1.933085456,1.632227679,0.430525091,0.604853263,-1.673657402,0.528566633,0.183100427,1.195190604,-0.903037331,-1.298900886,0.757247984,-0.33576108,-2.422119948,4.330098516,-0.684137158,-1.39743049,-1.197225408,3.303693781,-0.455339857,-0.529694475,1.10551294,0.404927894,0,6,0
-3.54073391,-2.003058499,-1.829735965,0.533244122,-1.244872174,1.653071352,-2.53870485,-0.418468299,2.831773955,1.405308516,-0.25653507,-1.571358619,-0.495274638,2.135760078,-1.545652395,-1.509830515,-1.630710523,-2.052155305,0.904378259,-3.582725596,0.398387639,-0.042549252,-0.697487834,0.75579801,-0.221548932,1.340672259,-0.73971504,-0.280767125,-1.363345624,1.195669951,-1.227234365,-0.562199902,-0.098397611,0.132330121,-0.465121721,-0.214301267,-1.664599656,0.533431816,-1.867386704,2.435716153,-1.442590526,0.035835217,2.341810074,-0.470620308,-0.63504605,1.264393344,0.678059365,0.930527269,-0.62818039,-1.932918253,-0.107459602,-0.066893941,-1.172239416,-0.60550906,1.166969486,-1.623272724,-1.588341328,-2.048444497,-1.993390276,-3.22219539,-1.711489257,6.361074129,-0.239750952,1.125184806,2.145244861,0.633717303,0.338945054,0.860495864,0.057722514,-0.609940399,-1.731626784,0,6,0
-3.790785882,-1.660875543,-3.157636009,0.86128196,-1.393588474,1.510543129,-1.793819243,1.226213777,4.121930555,1.963480661,-1.066308336,-4.627469239,-2.913853593,5.737858719,-0.684894591,-2.866971839,-3.793928221,-2.913415593,6.943799807,-14.8802411,-3.970928766,-7.957969511,-6.458392401,0.936355209,1.612689223,-14.34524761,7.124980718,-1.361323021,6.349033617,-9.220075615,3.97718286,-0.210614708,1.404810746,-2.978574277,0.902430553,0.013173936,1.470628759,-0.611922512,1.665876842,0.428375163,-0.094088751,1.603087489,-0.834488329,0.883642623,0.895899567,-1.258835345,0.366616401,-0.282501672,0.493085724,-0.182743125,0.663810167,-0.113704404,0.562463427,-0.078491182,0.32716766,0.130295631,0.616375658,0.878887382,0.66516093,0.929465076,0.086392541,-1.385284342,-0.06235276,-0.200493971,-0.934243716,-0.233232604,0.300265019,0.094651676,-0.07671345,-0.027406277,0.088398627,0,6,0
1.746486017,-3.414621775,0.331503304,-1.047924267,1.921028265,1.196684279,0.904904906,-0.591776314,0.694075588,-1.78839193,0.212299744,-0.806582403,0.025347892,-1.159047976,1.785967494,0.982427929,0.974247559,0.390350248,-0.15597559,0.322268654,-1.533874879,1.045008655,-1.153537073,0.179793098,0.595993697,-0.185000149,-0.786703681,-1.077832846,1.398869492,1.499392923,1.478793552,-1.199505144,-1.307531222,2.761767773,1.361782146,0.619819293,-1.860190435,-2.813951075,3.129896558,5.663978802,-6.072221292,-6.439633561,-13.43920919,2.650152389,4.160027679,9.184753605,8.359689581,-4.587932865,-0.701273451,-2.748966887,-1.434192982,-2.130821887,4.348227904,-1.210669578,0.222323863,-1.073899291,1.109739433,-0.272728908,-1.029332465,0.196463122,-0.213713854,-0.018204823,0.757237908,-1.087242126,0.6175359,0.031806173,-0.516094876,-0.120995607,-1.396438036,-0.964673654,-0.019880381,0,6,1
2.316702031,-2.927226705,-1.030432401,0.276116139,0.564784973,0.554764523,-1.237572628,0.351820092,0.391007426,0.29395566,-0.745869321,-0.670614403,0.306126519,-0.690680142,0.750935634,-1.194082266,-0.495915171,-0.125580031,0.636341314,-0.606593464,0.80081724,1.107593121,1.128158768,-0.196651364,-0.58049947,2.447459049,-0.985384698,-1.09654481,-0.644077286,0.606345218,0.659196603,-0.607223237,-2.924399698,1.6207829,-0.886992916,0.885615459,-4.789274387,-2.838740608,7.320726199,0.51417245,-2.332008884,9.20492792,1.706440557,14.86122599,0.560683368,-1.509940003,-7.11493426,2.373861743,1.731269971,-1.897771045,-3.136866799,-2.25809715,5.123255366,-1.329531906,0.038113779,-1.305022196,-0.041376802,-1.001682242,-0.438548893,1.446905178,1.951405304,-1.542052307,2.365515621,-1.186618058,3.074811956,-1.345301694,-1.012549644,-1.919788669,1.16079273,-1.354577948,0.628877593,0,6,1
2.716387765,-2.939359149,-0.940656732,-1.019503198,1.467704931,0.16788287,-0.352970633,-0.205043836,-0.17553069,-0.393305564,0.083667422,-0.836069706,-0.074611244,-0.803571221,0.855280223,-0.04430919,0.419197779,0.313681751,0.067465776,0.235270257,0.056356367,0.175637816,0.348633702,-0.034458742,0.033807227,-0.103308512,-0.164584475,-0.450352728,0.61641982,0.51819778,0.414611556,0.01776348,-0.798864268,0.718587774,0.145961264,0.146407992,-0.394255932,-0.673795631,1.123563152,0.363457334,-1.174208321,-0.521590883,-0.599857737,0.144944218,0.027552912,0.287188433,0.182921528,-0.09454004,0.406714504,0.807975054,0.058612308,0.554300119,-0.986162696,-0.193008173,-0.099281899,-0.401944507,0.31671006,0.244191891,1.047021052,-0.816831183,0.966345839,0.163513903,-0.0426443,0.411605743,-0.575889257,-0.941389969,0.040595322,-0.094782052,1.517353931,0.805215191,0.019749646,0,6,1
6.855783138,13.81366398,-3.671826996,-6.009614348,0.669177714,4.115109104,6.1104688,7.909019277,2.081106032,6.988253936,6.919945274,-0.919201937,-1.91612756,-3.522898084,0.180407118,-2.223041277,0.121938305,0.385056588,2.756854708,-1.816350231,-0.552010865,1.222190079,1.144811853,1.835769018,-1.264970541,5.308644756,-0.478460759,-2.194571125,-0.409770537,1.068178425,4.587340604,-13.73310263,-7.798820439,-6.203047661,1.76348477,-2.811995829,6.065202513,5.610488789,-2.871816264,-0.05108428,0.149564828,3.115028696,-4.0693813,0.701201146,0.554149481,-0.712581444,-0.087764041,2.086025828,2.379275487,-2.496331297,3.613048721,-0.470397298,-0.102248117,2.695890761,1.06699306,0.412498958,0.835141275,1.096597845,0.023692867,-0.291793011,0.126966919,0.021921368,-0.659896558,-0.119117451,-0.419167078,-0.579412986,-0.42400981,0.045899512,-0.202173947,0.093085162,-0.181159858,0,6,1
5.209333149,8.454691438,0.158626543,-0.725417217,0.753665824,2.279718755,2.357239007,-1.738006927,-5.518708023,-2.604095318,-5.055843943,7.431676274,3.82920053,6.63867967,-6.208727568,-16.07135562,-0.003858099,1.605230334,-2.962707911,0.002998134,0.378688629,2.812813685,1.390075046,2.180687832,-4.681951481,-0.624624064,-2.827978391,14.76332439,4.688656884,-3.181003914,-0.561436068,-3.54712589,4.382498522,-1.622964269,-0.403660901,-1.162148373,0.888402528,-1.899315362,2.123952077,-0.741615013,2.429342928,-1.972298011,2.239637547,1.712715278,4.548845254,4.72063156,0.356131133,1.449309652,0.952986096,2.824645441,0.171572002,0.639431746,1.541234257,0.443092695,2.79279813,0.535992634,-0.420238215,0.049165021,0.591214195,-0.924238904,0.176946572,-0.420270025,-0.638667426,0.290836223,0.480422239,0.141253501,-0.015098039,0.003643294,-0.136731861,0.573149433,-0.09360883,0,6,1
6.425270229,1.797905769,-0.808519884,-5.062231146,6.773027378,2.621273719,6.165283768,4.773379708,-2.01979059,-8.387556938,0.033657426,9.760095682,-1.800577854,8.204239809,-8.558388164,-8.680537778,-5.315368259,-2.942169818,-10.14222496,1.869343985,7.091959087,0.656567726,-3.931115422,-8.343409461,7.939051761,-2.371081062,7.385200437,-10.38887358,-2.374991494,1.857180736,-0.054059952,2.767603478,-2.903101425,-0.508885271,-0.051124861,0.929759841,-0.152034666,2.112960195,-1.726988707,0.39879693,-0.996293826,-1.197165838,-0.612974247,-0.075930462,-0.593937537,-1.127293066,-1.019413216,0.003088769,0.417394043,-0.545134436,-0.537103636,-0.802056627,-0.140668667,-1.124950658,-0.763570894,-0.179582395,-0.384730149,-0.200150428,0.019771912,0.140699296,0.182198143,0.157360515,-0.050373223,-0.25296885,0.034792173,-0.357780946,-0.073892539,-0.061881584,-0.253840921,-0.161285925,0.087552892,0,6,1
1.276735628,6.983281625,-2.497712372,-1.592560037,-0.241424929,-0.209592555,-3.354748662,-0.832234955,2.014185724,-3.293512662,-4.264175629,0.388526157,5.00512866,-0.12554921,2.129820578,-0.060345574,-8.16516094,0.693324353,-3.732521651,0.93239954,-1.91982741,1.048713846,1.761944671,5.836798692,-0.805554493,-1.808554986,-1.770802793,-1.100389777,-1.394269787,-1.430410921,0.329118451,-1.111226506,2.250793924,-0.274507466,0.627542145,-2.532094908,-0.673472467,1.046030077,1.514526952,0.464790697,-0.612440097,0.045608986,1.413452624,1.785394859,-0.033342451,1.201100947,-0.045046325,-0.579874761,-8.190083212,-0.316094871,2.698464028,-8.855720106,-7.134442768,2.980043386,-9.25983838,-2.441156165,3.392494736,3.485930497,-2.656802107,-0.897394584,2.827148164,-0.309539169,2.649791071,0.214814063,-0.638896449,1.042775585,-0.417743045,0.63766446,0.184141094,-0.287828418,0.194745642,0,6,1
4.248683318,8.229470657,-4.980904231,-5.417939761,-0.648002015,2.830868846,-19.04647303,-7.964360607,-18.9935883,-2.718836411,12.40592427,-9.97594747,0.178074633,5.960682083,-3.290959395,4.026450814,1.442463184,0.325408823,0.343847904,1.036641819,1.04177435,-0.951509611,-2.125731536,-4.55594578,0.869034021,-0.580036596,2.503417385,2.163265449,-5.080275753,1.178021827,0.974017827,-1.416856144,3.26828145,-1.815834786,3.505391649,-4.426332683,-2.938203293,0.988767897,0.158461,-0.8009856,0.217826765,0.098092962,-0.940477152,-0.002740466,-0.415471751,-0.471761386,0.663305848,-0.005770286,0.697789964,-0.05128182,0.015887445,-0.78684329,0.631595524,-0.35350766,-0.213443755,-0.447302521,-0.682946771,-0.420137191,0.367310244,0.478700258,0.219408212,-0.394048926,-0.036494468,0.254337244,-0.04472342,-0.092107308,-0.127493341,0.047036248,0.096618056,0.028290555,0.154791121,0,6,1
4.463424191,5.129081915,-2.544342318,-1.415549545,-0.556873715,0.465642996,-3.113618409,-1.301269226,-3.065762514,-0.238975061,-6.153352402,2.006581466,1.404825376,1.00262942,-2.845489727,-7.547511439,4.150254996,2.702401061,7.657389392,-6.376206955,2.907673393,-2.754925548,2.057444039,3.153151394,-8.672082598,8.828826837,-8.088667259,-15.03647464,-4.517597056,-6.298000612,0.518721023,7.438755108,5.090754054,1.325732064,-0.621813803,-2.460415757,2.238294825,-0.869977334,-0.802123613,-0.37658434,0.903452303,-0.569821606,-2.048557263,-0.683111392,-0.39815104,-1.096751507,1.497528873,-0.205504961,1.232633641,0.180196925,-0.484063951,-0.252065387,0.941202111,0.166678054,0.656081061,0.567624633,-0.036905682,0.462914283,0.759082111,0.772224523,-0.303478477,-0.717036999,-0.45036603,0.268698431,-0.162701929,0.430228212,0.125585451,-0.126293417,0.313691884,0.054889626,0.377055346,0,6,1
3.353470191,-2.180228483,-1.141270936,-1.704564546,1.583237222,1.00614144,-0.783556897,-0.371521292,-0.979484966,-0.710789707,0.441381517,-1.204646047,-0.122079508,-0.639893379,1.276795675,-0.54022278,0.782086088,0.640750675,-0.062692719,-0.137076235,0.062371375,-0.2575624,0.639448253,-0.598401313,0.007550113,0.291076469,-0.563219043,-0.475414844,1.12531885,0.627077057,1.042550111,-0.919197473,0.935656334,1.61576703,-0.0252198,-0.847624665,-2.574177412,-0.364253752,2.629820474,1.525764594,-2.44883902,-1.353795043,-0.672123085,1.852228152,0.645628067,-0.802689804,-3.064912132,1.327280848,0.021088505,-0.044194596,-0.019017913,7.077620095,-6.056672525,-2.79951064,-2.140885225,10.11268778,3.635153427,7.160716539,-0.947336837,-5.21310648,-6.999087565,-1.252077905,-0.036037348,-3.151841053,1.013636204,0.071245033,-0.295229624,-0.601069861,-2.094915376,-1.860421604,-0.891007843,0,6,1
4.572897103,-3.589798922,-1.319850037,-0.330681257,1.679722044,-0.533055621,0.82002165,0.919984737,-1.2008229,1.772404078,-0.319634427,0.789413561,0.321339484,-0.31084461,1.395869648,0.227395131,0.21300612,1.358408793,1.7829605,-0.482947527,0.672845914,0.472657184,1.295235788,1.526436801,-1.441287351,1.755233475,2.32796718,0.393425455,0.22650006,-0.868350846,1.975031518,-1.972439932,-1.041832613,0.243499328,-0.121084079,0.745612438,-2.400844528,-0.255400604,3.406966631,-0.625551384,0.358915927,-1.346070535,5.165896848,-9.123529052,2.503752584,0.574913659,-5.663161638,-6.193693495,2.098890878,-5.367058134,3.418849833,-7.959610927,4.450759648,-6.846934651,-0.589824373,2.839960866,-2.795235937,-0.267635181,-0.396728672,-0.466182166,-0.385753491,1.018859049,-0.078608376,-7.198742758,-0.755948969,2.828082627,-0.308797941,0.147875984,1.528498356,0.818940419,-0.240818974,1,6,1
2.444754968,-1.626337387,-0.988394689,3.331896955,-1.590862465,-2.776411654,-1.617596121,2.602959673,1.067666494,0.011294114,-0.008887842,-0.615267328,0.125081464,0.054591426,0.520394683,0.255755367,-1.988381228,0.987327322,1.783355589,0.667331956,0.469627141,1.239972978,-0.701974808,-1.403590453,-0.573804864,-0.097494235,-0.04443259,0.192823413,0.018192242,-0.236933565,-0.308692218,0.366180151,-0.215837183,0.371191652,0.03650625,0.29615311,-0.207497741,-0.090020935,0.841761298,-0.46904905,-0.14754952,-0.375212062,0.53630039,0.042278577,-0.493687607,-0.440144612,0.014591092,-0.943593906,-0.398774532,0.204657749,0.953497608,-0.312789226,-0.20002502,0.91937384,-0.119047414,-0.441333792,0.547999547,0.385405092,0.715353241,0.552767575,-0.152248063,-0.216449641,-1.001864898,-0.278195686,-0.16275282,-1.142250325,0.084358114,0.101657861,0.060272822,0.594460026,0.195562212,1,6,1
6.467263191,-4.094607771,-1.099733824,0.505087491,1.000996729,-2.17267405,0.377200477,2.776521352,-4.263844867,8.704976947,-4.94885223,1.709731505,3.829185459,0.34653641,0.925411386,4.419268199,0.065142676,2.88998532,-0.037959003,1.018259685,-0.066434069,3.773067559,5.435003917,3.391430213,-7.819719055,4.536940642,21.30303828,1.656021741,0.981292126,-4.534988138,-4.324408418,5.494422248,-1.955378674,-0.006411127,0.755345187,-3.261957913,-1.176942181,3.041132421,-3.539920505,1.210774052,0.547695697,-0.064766618,-1.322155117,2.510672132,-0.612916233,1.321999146,1.87351831,2.525090824,-0.219879213,0.526393872,-0.362244968,0.501422811,-0.312641206,0.764408665,0.142527871,0.311402409,0.081739748,-0.360609545,-0.270730736,-0.032573013,-0.254610253,0.078418444,0.139149512,-0.306200194,0.18555408,0.633607079,0.24774793,0.097805882,0.072115709,0.109850934,-0.442535531,1,6,1
3.880322894,-0.852070761,-0.599544653,1.19000652,0.349695625,-2.614078206,0.625540045,-0.134457578,-1.76093,3.614159572,-0.724050564,1.945240162,0.318117808,-0.259392988,-0.173726666,0.078274642,0.900962879,0.037750154,0.911035709,1.085768068,0.441807366,-0.572862721,-0.002436348,1.032423756,1.56806804,0.295101882,1.073981245,-0.062646331,0.197692433,1.34187217,2.187240446,0.340708582,-0.704314895,1.536605223,0.141405526,1.779138906,-1.434455334,-0.859802683,3.418471937,-4.441237752,5.533458619,4.27399875,1.244981617,-2.158249519,-0.361914487,1.906146404,5.674485446,-0.890914202,-0.831403212,-1.630221868,0.47923281,1.042654602,-0.763689869,-1.45141636,-0.323472277,-0.727334165,0.176710359,1.15881798,0.804727169,-0.798702463,0.65762438,2.568456625,-0.914843146,-0.775826922,-2.935404421,-5.954234149,-0.533811545,0.017292306,-3.271249188,-4.002521288,10.60442502,1,6,1
5.349067703,-5.738723554,-1.774184457,-1.931963249,3.727657472,0.174860576,1.777480398,-0.967058626,-0.88202706,-2.292287307,1.119727775,0.041624126,-1.919575201,-0.046366843,2.692485783,2.785259979,1.109554881,2.649539041,-3.443074969,-0.617329371,0.493767654,-0.518627971,-3.1324375,-1.331542123,0.296140048,0.593512038,2.511660401,2.653169368,-4.150844127,-3.243676511,6.390403859,-5.149995312,5.976582866,11.77657133,-5.297203711,0.655764442,8.664931424,-9.92952928,-11.20070209,-1.777459884,-0.263006549,5.489554641,0.152363353,0.642313044,-0.024081653,1.476394833,-0.596298021,0.30896021,-1.178502639,-1.400694,-0.290183237,-1.146079064,0.505938263,0.872977849,-0.021703317,0.444917341,0.443791068,0.197813028,-0.98755487,0.57672411,-1.040594117,0.324218524,0.158299083,-0.333353978,0.167636482,0.806669383,0.085359305,-0.169336887,-0.154490101,-0.17365119,-0.302629834,1,6,1
3.290308651,0.498930531,-1.635379571,1.596763306,0.045987298,-3.389875928,3.077609745,-6.243478284,-0.072873957,2.193232906,1.101193085,-0.548093789,-0.51337686,1.275293008,0.769858991,-1.274586256,0.327422416,0.012937232,1.888322873,-1.296540425,0.926781094,-0.061946466,-0.086997948,-0.223539991,-0.812455095,0.066431778,-0.326739849,-0.067801493,-0.262204539,-0.026604481,-0.170744865,-0.095654429,-0.591911884,1.389086368,0.073943155,-0.173071534,0.437612728,-0.567189669,0.047781586,0.701118894,-1.140572304,-0.84116327,2.07053389,-0.143082749,-2.197106486,-0.116799061,-0.282236781,-1.19997297,-2.320888487,0.550853566,-1.620031581,1.717018277,-0.699460536,-0.801152935,-0.678942557,-1.855448685,-0.954715492,-0.330564094,-1.329446972,-2.73512244,3.470608872,5.360649257,-1.757740932,-3.715552334,-1.304809642,-10.56909687,-1.518458052,0.283354339,-1.039644563,1.114032978,-6.056549781,1,6,1
4.124018705,0.291419315,-0.810123136,2.007335932,-0.532144401,-0.127642796,1.447528159,0.426114276,-0.827534635,1.547301665,-0.075443272,-1.882805602,-6.480573955,-0.837150245,-0.932052332,-0.053454573,-0.257181663,1.988132464,0.243746447,-0.559019893,0.13767685,1.343623485,1.2226791,1.896484368,-1.227701174,0.03671689,0.418215654,-0.543399142,-0.7277481,0.339907914,2.965974119,-5.093118677,-3.690489853,-1.48489621,0.377344691,-0.009434207,3.399569842,0.09836141,0.809137823,0.266034587,2.042035057,-3.969295802,4.13413146,0.933992629,-4.50696983,-2.899332841,3.355216309,-4.388449274,-5.258096709,7.037086093,-12.06437035,-0.001668861,0.578403597,-6.453911192,-0.442082398,-0.709745625,-0.915048355,-0.15291961,-0.956034594,1.087209689,-0.982239773,-2.879319091,1.231064744,0.44344075,0.525612788,4.037328078,-0.576353373,0.467281612,-1.419527439,0.197137054,1.180819396,1,6,1
5.597727742,-0.571178863,-3.130957915,9.321848867,-5.332445048,-9.760446296,-4.957836913,9.09303092,1.891501353,-1.166713999,-0.889447905,-0.944378338,1.500767262,-0.776408619,0.023186915,-0.753413043,-12.81378397,5.076062489,12.57255868,10.94678744,5.540095222,4.919932598,-9.950643459,-8.781227574,-5.888409082,-2.269882317,-2.510350586,0.827515492,3.103038667,0.653021205,0.447198207,0.559308595,0.529153901,-0.793489861,-0.774814994,0.621705548,0.768384484,0.267237862,-2.289277687,0.855908478,-0.060048773,0.663995214,-1.345678099,-0.568778082,0.633651326,-0.338650336,0.064815611,0.969213309,0.676259134,0.25524647,0.216406639,0.152802147,0.037296517,-0.285277304,-0.002244504,0.519785052,-0.047885951,-0.420605232,-0.299824392,-0.026054038,-0.137793328,-0.03998703,0.503410408,0.046376792,0.541457205,0.400906662,-0.066768915,0.091659804,-0.288728902,-0.041794085,0.011696432,1,6,1
4.369820963,-3.210379509,-1.33985925,-0.492614552,1.750424101,-0.399627221,-0.162640283,0.213552392,-1.420812368,0.318964452,-0.388307737,-0.298863153,-0.994919819,-0.109776219,0.714369736,-1.021035546,0.056289475,1.41330099,0.53945078,0.496560461,1.705798026,0.021469538,0.506442959,-0.579004588,0.108990657,0.777592475,1.382241198,-1.619299835,0.007796827,0.025686503,1.551333857,-1.705443747,-1.383429661,1.94405298,0.647969068,-0.387827212,-1.448799429,-1.489106059,4.641431534,1.114106901,-1.884295231,-2.191623113,3.65642633,-2.691310027,0.729626663,-1.57955372,-4.427959946,-5.357867372,-6.93710415,0.528939099,2.193354758,7.379433752,3.266357227,11.50043085,2.908452362,-4.114586728,3.162117879,-0.591941699,-0.102855585,1.832532207,-0.785292677,-0.004130655,0.309526119,-1.851860944,-0.279847103,2.501971853,-0.161747615,0.085571731,-1.787843299,-1.619756654,1.007300773,1,6,1
2.843690085,1.578532418,-0.546130733,2.707546926,-1.215487604,0.181037987,1.317827967,-0.209347892,-1.336650495,1.295477655,-1.047176735,-1.669165504,-5.768927717,-0.593234108,-1.23882498,-0.769176078,-1.388896362,2.201783847,0.156805233,0.317524418,0.630787918,0.791842797,0.515430412,1.019828028,-0.841398635,-0.555138734,-0.402741637,-0.440634777,-0.896907666,0.126143951,1.211710011,-2.21189102,-1.391099646,-0.433536902,0.566996562,0.004669579,1.521678213,-0.023547532,0.711833366,0.605169865,1.209284777,-2.837623782,2.479382439,1.863728931,-2.424491157,-0.748610279,2.219488806,-1.717673994,-1.511927447,1.116566982,-2.678199048,0.588521912,-0.20766552,-1.81047005,-0.372955308,-1.28284401,0.30111953,0.709270289,-0.929591469,-0.835913792,0.612772762,1.858250105,-1.509574857,-0.120563279,0.204450167,-3.035908922,2.016480657,-1.439420046,3.504406043,-0.807338636,-2.112659727,1,6,1
1.759699679,-3.300322777,-0.661951259,-0.973467693,1.114241147,0.442417546,-0.072229127,-0.145418417,0.570970189,-0.53294198,-0.452482787,-0.890843355,-0.581991956,-0.55326812,1.540714334,-0.042899706,1.01853751,0.096968934,0.103440394,0.364697982,0.00252557,0.054838789,0.46594508,-0.874566738,0.404093946,-0.232871144,-0.013458372,-0.087796269,0.380337705,0.64167108,0.200229832,-0.165808324,-0.844861157,0.84950942,0.090425127,0.132944653,-0.355065674,-0.723168797,0.981078371,0.667540976,-0.894152459,-0.81638407,-0.225193811,-0.631512402,-0.045520149,0.203046724,0.406732323,-0.222068417,0.450059549,1.300966538,-0.009114098,0.275576888,-0.807498444,0.963215314,0.611201904,-0.013252082,-0.414734446,0.493360931,0.738692969,-0.877688072,1.273478916,0.348539519,-0.468414046,1.349930804,-0.897848242,-0.781558764,0.161231758,0.106638121,2.912939724,2.663967128,0.15854085,0,10,1
2.638858465,-4.389944927,-0.826970612,-1.191841452,1.832841911,0.456293204,0.050501242,-0.097849825,0.5844545,-0.548634608,0.142044725,-0.800187275,-0.116598568,-1.393246516,2.337297988,-0.257719172,0.538537776,-0.009695892,-0.023025867,0.22207123,-0.26383843,0.02757809,0.875141857,-1.08875627,0.696527379,-0.602641664,-0.451812523,-0.170682499,0.24294015,0.216485936,0.030210656,0.086767014,-1.214798362,0.468386136,0.926977735,-0.5099298,-0.051792901,-1.875685298,0.794782633,0.261546732,-0.471174505,-0.938861216,-0.379296172,-1.290977732,0.138799399,0.105933909,-0.147996653,0.371546981,1.316144973,2.313080729,0.07014222,0.437211066,-1.25291738,0.982680293,0.364252856,-1.360147589,0.1626542,1.283744989,0.213407544,-0.60646641,0.876736257,-0.634636314,-0.571772216,1.938007041,-0.22906113,-0.94728179,0.216143568,0.625488083,5.532884117,3.564984969,1.042977674,0,10,1
2.062484398,-4.210548202,-0.994446539,-0.761856487,1.329933623,0.908727936,-0.129143522,-0.993430172,0.501346974,-0.348349692,0.207701346,-0.645541632,-0.925363904,-0.983794972,2.093524871,-0.254617793,0.236320426,0.805494376,-0.568072519,-0.062793176,-0.457904442,0.153091397,1.153009868,-1.104091421,0.24986536,0.019930697,-0.228449268,-0.206545564,1.005562341,-0.543792558,0.483261148,-0.672944129,0.239021158,1.074927925,-0.967948885,0.528492675,-0.805953447,0.010009888,1.643639189,0.708711189,-0.675656123,-0.98547677,0.120724314,-0.104128066,0.012767784,-0.576229347,-0.539572694,0.593207079,1.330257911,0.858861988,1.140201966,1.682852333,-1.44925943,-0.471190965,-0.100145316,0.429259062,-1.315001931,0.175823953,1.274664024,-0.768927476,1.321263325,0.133559756,0.71351321,1.112581139,-0.91584871,-1.112418032,0.515234409,0.95006743,0.948493452,1.916893661,-0.274595609,0,10,1
-1.19005737,-4.023781827,-0.920395971,-0.504030512,0.435221113,1.269938359,-1.759553215,-0.557070206,1.945844243,0.69036432,0.284877975,0.338082665,0.654585076,-1.048887554,1.176379763,-1.139579483,-0.866129501,-1.548260995,-0.421675368,-0.695868584,-1.304452982,0.81158045,1.675314494,-1.520692868,0.400878487,1.232537393,-0.79518611,0.677990353,-1.656614721,-0.422163726,0.8042621,1.320812809,-1.25728092,-2.676148537,1.476205271,0.632279445,-0.015454065,-2.181924275,-1.227719975,-0.647793684,-0.381910216,0.147990238,0.675619348,-0.537745765,-1.843098042,1.747022962,-1.352606275,-0.179589539,4.080066741,4.254806367,1.834439226,-0.425638506,1.981382239,-0.028172851,-5.218309746,-0.666666596,5.920684344,-6.898785678,-5.513464126,-0.97311662,-2.363899222,-6.305406554,-7.19109575,-1.125938653,2.255866934,-2.56919986,-0.439348303,6.756350222,-1.388304427,2.202763609,1.480357767,0,10,1
1.24163728,-4.152985483,-0.349222609,-0.24049452,1.309641757,1.550018701,-0.178510007,-0.892963477,1.113930064,-1.301092581,-0.23218307,-1.067584938,0.689864049,-3.133795072,4.64967895,-1.714436201,0.201636396,-1.321289981,-0.804939194,0.198900858,-1.61689578,1.141872499,5.320747453,-8.333502733,2.608918348,-2.622322269,-4.719900272,1.784931345,-1.402467051,-5.542034699,-7.794703026,4.895805188,-7.727525116,-7.375725476,7.023346188,-8.354394893,5.039778875,-8.702190947,-3.998626703,-1.106034183,4.334532114,1.020817662,0.934629597,0.823909736,1.86268703,0.880270544,0.136621262,-1.80847117,-3.666708202,-6.320203369,-1.003134703,1.225244139,0.416134864,-0.972828857,0.104740309,1.73308582,0.468149673,-0.430231457,1.375783738,-0.594736092,0.184380424,0.210453951,1.704354724,0.149260043,-0.192734397,0.397847786,0.10170442,-0.432769063,-0.308547782,-0.377164644,-0.10555855,0,10,1
2.945750832,-5.0588909,-1.280675053,-1.668704874,2.21467915,0.438556761,-1.080644484,-0.411254596,0.608055436,-0.339935745,0.142833527,-0.834688426,1.233568633,-2.334222948,3.34236449,-0.574181775,-0.172649952,0.452455311,-0.646351946,-0.191963887,-1.005176205,1.293135497,2.378776294,-1.991298101,0.726449782,-0.283493239,-0.405329879,-0.194663573,-1.396069242,-1.676383743,0.941929412,-0.286688761,0.018098782,-0.710202568,-0.68155822,1.485414852,-0.385931258,-0.496342155,0.02410061,-1.639644803,-0.415315724,0.624052489,-0.496116923,-2.130125672,-0.423153793,0.357122542,-0.434133169,0.588949524,7.866506359,5.152606444,0.603891316,1.189522747,-1.988864129,-3.438080007,0.335906447,-7.368561634,7.045130168,1.459372533,8.28709499,-5.107930659,5.702080518,1.623584327,2.64133993,-1.594830229,0.269316151,3.961631905,0.473638979,0.198009666,-2.535530986,-1.63299261,-1.161693269,0,10,1
3.97795921,-6.559216805,-1.26132411,-2.079890687,3.233812373,0.900693806,0.205639081,-0.12768759,1.402116442,-2.053477606,-0.08468433,-0.857375232,0.752877868,-4.312480292,7.045104682,-0.339908458,-0.221754561,2.156636442,-2.222396352,-0.318763465,-1.72344231,2.938426093,5.769482417,-8.105407093,2.691710266,-2.758474833,-3.093927334,2.126324073,-6.399735778,-9.433370308,-0.969897327,-0.92677367,7.20499232,-3.844401045,-6.587497115,5.086948641,0.627963324,13.95160672,1.011229358,-1.009284431,-1.138345465,1.379292576,0.198289709,2.128462836,-1.84607628,0.225081505,3.609859326,-0.663718984,-3.735755058,-0.727177437,1.263979623,0.082071738,3.027302514,0.107985734,1.848599745,2.654732486,-1.044704557,-1.88731782,-0.300919514,0.00907766,-0.038076656,0.022263212,-0.291245101,-0.197914157,-0.280084352,-0.154602653,0.00905014,-0.248782897,-0.037054902,-0.216801783,-0.159092437,0,10,1
2.265206193,-5.412219147,-0.906653497,-1.282075766,2.099643789,0.666773913,-0.452360388,-0.140308269,1.100037985,-0.294427855,0.086045352,-0.737681827,0.458078737,-2.537257243,3.693526136,-0.845766978,0.257276458,-0.800353895,-0.473959073,-0.210056117,-1.218905854,0.951041149,2.683029664,-3.352204631,1.28062091,-0.977611698,-1.671208699,0.225210356,-1.114156961,-1.696446911,-0.933377956,1.176218564,-1.316657311,-1.939675588,1.193922256,-1.12603923,0.100285599,-1.425891632,0.393735686,0.504420703,0.246057986,-0.203156756,-0.073522699,-0.81923929,-0.416032215,1.685256004,-0.645685704,1.05829089,5.933260538,8.105249856,2.9323621,-2.244544718,-3.037144894,0.86555607,1.739019212,-5.285951768,-7.043077294,7.285916375,-6.419247484,7.177462896,-4.654914317,1.58683016,0.685676813,-1.70709531,1.398600978,-0.530289036,-0.399046806,-1.331480856,-2.069548368,-1.982687748,-0.145630839,0,10,1